quilate	precio
0,46	652
0,42	652
0,46	654
0,58	668
0,62	670
0,48	672
0,48	672
0,52	674
0,44	674
0,46	676
0,6	678
0,46	680
0,44	684
0,62	688
0,4	690
0,64	690
0,6	696
0,6	702
0,6	702
0,6	702
0,6	702
0,46	704
0,46	706
0,62	706
0,62	706
0,46	708
0,48	710
0,6	714
0,46	714
0,46	714
0,46	804
0,46	804
0,46	804
0,46	804
0,46	804
0,46	804
0,46	804
0,62	804
0,52	806
0,66	806
0,66	806
0,66	806
0,52	806
0,52	806
0,64	806
0,58	806
0,64	806
0,64	806
0,5	808
0,58	808
0,48	808
0,46	808
0,64	808
0,44	808
0,44	808
0,6	810
0,6	810
0,6	810
0,6	810
0,6	810
0,7	1104
0,6	1104
0,6	1104
0,6	1104
0,84	1104
0,56	1106
0,64	1106
0,62	1106
0,62	1106
0,48	1106
0,48	1106
0,6	1108
0,6	1108
0,6	1108
0,6	1108
0,52	1108
0,52	1108
0,52	1108
0,52	1108
0,52	1108
0,52	1108
0,52	1108
0,52	1108
0,76	1108
0,52	1108
0,48	1108
0,48	1108
0,48	1108
0,48	1108
0,64	1108
1,4	5514
1,72	5514
1,4	5514
1,42	5518
1,56	5518
1,4	5518
1,4	5518
1,92	5518
1,46	5520
1,6	5520
1,5	5520
1,5	5520
1,48	5520
1,5	5520
1,6	5520
1,5	5520
1,6	5520
1,48	5522
1,62	5522
1,18	5522
1,6	5522
1,48	5522
1,8	5522
1,48	5524
1,46	5524
1,46	5524
1,6	5524
1,42	5524
1,4	5524
1,6	5524
1,42	5524
1,48	5524
1,4	5524
1,4	5524
1,4	5524
1,4	5524
1,82	5526
1,22	5526
1,82	5526
1,82	5526
1,54	5526
1,42	5528
1,42	5528
1,4	5530
1,54	5530
1,26	5530
1,42	5530
1,42	5530
1,52	5530
1,28	5532
1,42	5532
1,42	5532
1,4	5534
1,4	5534
1,42	5534
1,4	5534
1,42	5536
1,46	5536
1,4	5536
1,4	5536
1,42	5536
1,48	5538
1,42	5540
1,46	5540
1,52	5540
1,52	5540
1,42	5540
1,46	5540
1,46	5540
1,46	5540
1,46	5540
1,44	5542
1,46	5542
1,42	5542
1,58	5542
1,46	5544
1,6	5544
1,16	5544
1,16	5544
1,42	5544
1,5	5546
1,4	5546
2,34	5548
1,2	5548
1,4	5548
1,66	5548
1,48	5550
1,44	5552
1,42	5552
1,42	5552
1,08	5552
1,08	5552
1,44	5552
1,44	5552
1,44	5552
1,42	5552
1,4	5554
1,42	5554
1,42	5554
1,42	5554
1,42	5554
1,4	5554
1,4	5554
1,4	5554
1,4	5554
1,4	5554
1,4	5554
1,4	5554
1,4	5554
1,44	5554
1,4	5554
1,4	5554
1,4	5554
1,4	5554
1,96	5554
1,56	5554
1,4	5554
1,04	5556
1,46	5558
1,48	5558
1,4	5560
1,54	5560
1,42	5560
1,48	5560
1,4	5560
87662	5562
1,54	5562
1,56	5562
1,44	5564
1,06	5564
1,52	5564
1,4	5564
1,4	5564
1,5	5564
1,44	5564
1,44	5564
1,4	5564
1,68	5564
1,5	5564
1,04	5566
1,44	5568
1,58	5568
1,44	5574
1,02	5574
1,28	5574
1,4	5576
1,66	5576
1,52	5576
1,42	5576
1,54	5576
1,42	5576
87662	5576
87662	5576
1,54	5578
1,52	5578
1,52	5578
1,52	5578
87904	5578
1,62	5578
1,4	5578
1,1	5578
1,62	5578
1,26	5578
1,26	5578
1,54	5578
87904	5578
1,28	5580
1,52	5580
1,66	5580
1,42	5580
1,42	5580
1,74	5582
1,46	5582
1,42	5584
1,42	5584
1,42	5584
1,4	5584
1,4	5584
1,52	5584
1,4	5584
1,58	5586
1,4	5586
1,4	5586
1,52	5586
1,46	5586
1,58	5588
1,42	5590
1,62	5590
1,62	5590
1,44	5590
1,44	5590
1,44	5590
1,62	5590
1,44	5590
2	5590
1,46	5592
1,62	5594
1,62	5594
1,42	5594
1,42	5594
1,42	5594
1,14	5594
1,02	5594
1,44	5594
1,48	5594
1,48	5594
1,4	5594
1,6	5594
87662	5594
1,6	5594
1,54	5596
1,66	5598
1,64	5598
1,56	5598
1,2	5600
1,8	5600
1,4	5600
1,8	5600
1,66	5600
1,66	5600
1,66	5600
1,48	5600
1,58	5600
1,22	5600
1,52	5600
1,92	5602
1,46	5602
1,46	5602
1,5	5602
1,42	5602
1,42	5602
1,42	5602
1,42	5602
87844	5602
2	5602
1,74	5604
1,06	5604
1,44	5604
1,44	5604
1,4	5606
1,48	5606
1,42	5606
1,46	5606
1,4	5606
1,42	5606
1,42	5606
1,42	5606
1,54	5606
1,42	5606
1,56	5606
1,42	5606
1,82	5606
1,42	5608
1,42	5608
1,6	5608
1,4	5608
1,44	5608
1,44	5608
1,64	5608
1,4	5608
1,44	5608
1,44	5608
1,8	5608
1,48	5610
1,48	5610
1,46	5610
1,14	5610
1,46	5610
1,44	5610
1,48	5610
1,64	5610
1,62	5612
1,5	5612
1,4	5612
1,42	5614
1,42	5614
1,86	5614
1,6	5616
1,4	5616
2	5616
1,5	5616
1,16	5616
1,46	5616
1,62	5618
1,62	5618
1,42	5618
87724	5618
1,4	5620
1,4	5620
1,48	5620
1,4	5620
1,6	5620
1,5	5622
1,66	5622
2	5622
1,98	5622
1,4	5624
1,4	5624
1,4	5624
1,4	5624
0,64	1108
0,64	1108
0,64	1108
0,64	1108
0,64	1108
0,64	1108
0,6	1108
0,6	1108
0,6	1108
0,6	1108
0,6	1108
0,6	1108
0,6	1108
0,64	1108
0,66	1108
0,58	1110
0,58	1110
0,62	1110
0,68	1110
0,68	1110
0,68	1110
0,68	1110
0,6	1110
0,58	1110
0,7	1110
0,86	1110
0,64	1112
0,72	1112
0,6	1112
0,52	1112
1,4	5624
1,4	5624
1,42	5624
1,98	5624
1,46	5624
1,02	5624
1,82	5626
1,68	5626
1,82	5626
1,52	5628
1,52	5628
1,5	5628
1,1	5630
1,52	5630
1,48	5630
1,4	5630
1,4	5630
1,4	5630
1,4	5630
1,8	5630
1,9	5630
1,78	5630
1,44	5630
1,92	5630
87724	5630
1,56	5632
1,22	5632
1,42	5632
1,56	5632
1,74	5632
1,66	5632
1,42	5634
1,42	5634
1,42	5634
1,42	5634
1,26	5634
1,42	5634
1,42	5634
1,42	5634
1,42	5634
1,8	5634
1,42	5634
1,4	5636
1,4	5636
1,4	5636
2	5636
1,72	5636
1,6	5636
1,4	5636
1,4	5636
1,4	5636
1,4	5636
2	5636
1,44	5638
1,44	5638
1,4	5638
1,72	5638
1,42	5640
1,5	5642
1,46	5642
1,06	5642
1,46	5642
1,46	5642
1,46	5642
1,46	5642
1,46	5642
1,46	5642
1,4	5644
1,44	5644
1,44	5644
1,44	5644
1,4	5644
1,2	5644
1,48	5644
1,46	5644
1,42	5644
1,42	5644
1,4	5644
1,4	5644
1,8	5644
1,42	5644
1,4	5644
1,4	5644
1,4	5644
1,4	5644
1,4	5644
1,4	5644
1,4	5644
1,4	5644
1,4	5644
1,58	5646
1,8	5646
1,42	5646
1,22	5646
1,8	5646
1,42	5646
1,42	5648
1,54	5648
1,48	5648
1,64	5648
1,64	5648
1,42	5650
1,66	5650
1,46	5650
1,66	5650
2,34	5650
1,82	5650
1,46	5652
1,4	5652
1,8	5652
1,4	5652
1,4	5652
1,4	5652
1,8	5652
1,56	5652
1,92	5652
1,4	5654
1,44	5654
1,58	5654
1,4	5654
1,4	5654
1,4	5656
87662	5656
1,44	5658
1,6	5658
1,18	5658
1,44	5658
1,5	5658
1,6	5658
1,42	5660
1,54	5660
1,94	5660
1,06	5660
1,06	5660
1,6	5660
1,8	5660
1,52	5662
1,44	5662
1,5	5662
1,44	5662
1,58	5662
1,44	5664
1,82	5664
1,42	5664
1,62	5664
1,64	5664
1,42	5664
1,8	5664
1,6	5666
1,12	5666
1,4	5666
1,4	5666
1,22	5666
1,7	5666
1,4	5666
1,6	5668
1,6	5668
1,02	5668
1,06	5668
1,56	5668
1,8	5668
1,8	5668
1,54	5668
1,46	5670
1,26	5670
1,4	5670
1,44	5670
1,44	5670
1,5	5670
1,64	5672
1,42	5672
1,4	5674
1,4	5674
1,42	5676
1,52	5676
1,64	5676
1,44	5676
1,4	5676
1,4	5676
1,4	5676
1,4	5676
1,4	5676
1,4	5676
1,4	5676
1,4	5676
1,48	5678
1,42	5678
1,4	5678
1,42	5678
1,42	5678
1,42	5678
1,42	5678
1,4	5678
1,46	5678
1,4	5678
1,4	5678
1,42	5678
1,42	5678
1,58	5678
1,42	5678
1,54	5680
1,5	5680
1,4	5680
1,42	5680
1,84	5680
1,66	5680
1,4	5680
1,46	5682
1,42	5682
1,46	5682
1,64	5682
1,64	5682
1,64	5682
1,04	5682
2	5682
1,9	5682
1,46	5682
1,46	5682
1,46	5682
1,6	5684
1,4	5684
1,4	5686
1,4	5686
1,42	5686
1,62	5686
1,42	5686
1,46	5686
1,46	5686
1,44	5686
1,62	5686
1,42	5686
1,46	5688
1,4	5688
87662	5688
87662	5688
1,58	5688
1,4	5690
1,4	5690
1,6	5690
2,54	5690
1,58	5692
1,44	5692
1,46	5692
87662	5692
87662	5692
1,46	5692
1,4	5692
1,4	5692
1,54	5692
1,54	5692
1,54	5692
1,68	5694
1,44	5694
1,52	5694
1,4	5696
1,08	5696
1,5	5696
1,58	5698
1,48	5698
1,4	5700
1,4	5700
1,5	5700
87724	5700
1,6	5702
1,32	5702
1,74	5702
1,72	5702
1,48	5702
1,16	5704
1,56	5704
1,48	5704
1,46	5704
1,82	5704
1,42	5706
1,42	5706
1,58	5706
1,58	5706
1,42	5706
1,64	5706
1,56	5708
1,4	5708
88332	5708
1,46	5708
1,82	5708
1,82	5708
1,82	5708
1,82	5708
1,4	5708
1,36	5708
1,46	5710
87782	5710
1,48	5710
1,96	5710
87724	5712
2	5712
87724	5712
1,2	5712
1,6	5712
1,94	5712
2	5712
0,52	1112
0,52	1112
0,72	1112
0,68	1112
0,68	1112
0,68	1112
0,68	1112
0,68	1112
0,68	1112
0,64	1112
0,62	1114
0,62	1114
0,62	1114
0,62	1114
0,62	1114
0,62	1114
0,62	1114
0,62	1114
0,62	1114
0,66	1114
0,66	1114
0,66	1114
0,66	1114
0,66	1114
0,66	1114
0,66	1114
0,66	1114
0,66	1114
0,66	1114
0,66	1114
2	5712
1,54	5712
1,54	5712
1,4	5714
1,8	5714
1,44	5714
1,8	5714
1,44	5714
1,4	5716
1,62	5716
1,62	5716
1,42	5716
1,4	5716
1,42	5716
1,42	5716
1,84	5716
1,52	5716
1,46	5716
1,42	5716
1,4	5716
1,8	5716
1,42	5716
1,4	5718
1,4	5718
1,54	5718
1,42	5718
1,4	5718
1,5	5718
1,66	5718
1,42	5720
1,8	5720
1,2	5720
1,42	5720
1,06	5720
1,42	5722
1,24	5722
1,24	5722
1,8	5722
1,24	5722
1,64	5722
1,32	5722
1,4	5724
1,6	5724
1,6	5724
1,58	5724
1,42	5724
1,4	5724
1,4	5724
1,58	5724
1,4	5724
2,44	5724
87662	5724
1,46	5724
1,82	5726
1,42	5726
1,66	5726
1,68	5726
1,42	5726
1,42	5726
1,42	5726
1,42	5726
1,42	5726
1,42	5726
1,82	5726
1,8	5726
1,42	5726
1,42	5726
1,44	5726
1,44	5726
1,42	5726
1,62	5728
1,66	5730
1,46	5730
1,12	5732
1,12	5732
1,42	5732
1,4	5732
1,92	5732
1,42	5734
1,4	5734
1,42	5734
1,6	5734
1,9	5734
1,64	5734
1,04	5734
1,64	5734
1,64	5734
1,64	5734
1,6	5734
1,92	5734
1,44	5736
1,24	5736
1,58	5736
1,5	5736
88088	5738
1,44	5738
1,24	5738
1,46	5738
1,44	5738
1,04	5740
1,66	5740
1,28	5740
1,6	5740
1,48	5740
1,44	5740
1,64	5740
1,46	5740
87844	5740
1,46	5742
1,46	5742
1,8	5742
1,5	5742
1,58	5742
1,4	5744
1,5	5744
87724	5744
1,4	5744
1,4	5744
1,4	5744
1,4	5744
1,4	5744
1,4	5744
1,44	5744
1,48	5744
1,68	5744
1,52	5746
1,54	5746
1,52	5746
2	5746
2	5746
1,8	5746
1,8	5746
1,8	5746
1,8	5746
1,8	5746
1,8	5746
1,56	5748
1,42	5748
1,4	5748
1,4	5748
1,4	5748
1,4	5748
1,4	5748
1,4	5748
1,4	5748
2	5750
1,54	5750
2	5750
2	5750
2	5750
1,46	5752
1,58	5752
1,44	5754
1,42	5754
1,48	5754
1,4	5754
1,4	5754
1,58	5756
1,58	5756
1,58	5756
1,42	5756
1,58	5756
1,46	5758
1,26	5758
1,4	5758
1,42	5758
1,68	5758
1,68	5758
87724	5758
1,44	5758
1,44	5758
1,84	5760
1,48	5760
1,4	5762
1,42	5762
87904	5762
1,4	5764
1,08	5764
1,46	5764
1,76	5764
1,46	5764
1,44	5766
1,8	5766
1,8	5766
87782	5768
1,68	5770
87662	5770
1,54	5770
1,6	5770
1,8	5770
1,46	5772
1,44	5772
1,42	5774
1,4	5774
1,58	5776
1,44	5778
1,4	5778
1,4	5778
1,8	5778
1,42	5778
1	5778
1	5778
1,48	5778
1,54	5778
1,54	5778
1,6	5780
1,6	5780
1,6	5780
1,6	5780
1,32	5780
1,42	5782
1,42	5782
1,42	5782
1,42	5782
1,44	5782
1,42	5782
1,72	5784
2,38	5784
1,42	5786
1,64	5786
1,42	5786
1,5	5786
1,4	5786
1,6	5786
1,64	5786
1,64	5786
1,64	5786
1,62	5788
1,62	5788
1,52	5788
1,42	5790
1,4	5790
1,4	5790
1,48	5792
1,54	5792
1,54	5792
1,06	5792
1,58	5792
1,46	5792
1,54	5792
1,54	5792
87662	5792
87662	5792
1,2	5794
1,52	5794
1,08	5794
1,44	5794
1,44	5794
1,48	5794
88332	5796
1,5	5796
1,54	5796
1,96	5796
1,58	5796
1,58	5796
1,58	5796
1,58	5796
1,58	5796
1,58	5796
1,4	5798
1,4	5800
1,44	5800
1,6	5802
1,62	5802
1,62	5802
1,48	5802
1,46	5804
1,46	5804
1,5	5804
1,42	5804
1,42	5804
1,5	5806
1,5	5806
1,44	5806
1,44	5806
1,44	5806
1,58	5808
1,58	5808
1,4	5808
1,24	5808
1,4	5810
1,4	5810
1,4	5810
1,42	5810
1,72	5810
1,06	5810
1,82	5810
1,9	5810
1,82	5810
1,48	5812
1,6	5812
1,48	5812
1,22	5814
1,22	5814
1,22	5814
1,44	5814
1,4	5814
1,42	5814
1,58	5814
1,44	5814
0,66	1114
0,78	1116
0,64	1116
0,5	1116
0,5	1116
0,5	1116
0,5	1116
0,62	1116
0,62	1116
0,62	1116
0,62	1116
0,62	1116
0,62	1116
0,62	1116
0,62	1116
0,62	1116
0,62	1116
0,62	1116
0,62	1116
0,62	1116
0,62	1116
0,62	1116
0,62	1116
0,62	1116
0,62	1116
0,62	1116
0,62	1116
0,62	1116
0,62	1116
0,62	1116
1,64	5816
1,46	5816
1,4	5818
1,4	5818
1,42	5818
1,42	5818
1,8	5818
1,42	5820
87904	5822
1,18	5822
1,42	5822
1,54	5822
1,46	5824
1,4	5824
1,46	5824
1,6	5824
2	5824
2	5824
2	5824
1,4	5826
1,42	5826
1,42	5826
1,42	5826
1,42	5826
1,42	5826
1,42	5826
1,82	5826
1,66	5826
1,7	5826
1,6	5828
1,46	5828
1,66	5830
1,54	5830
1,6	5830
1,42	5830
1,46	5832
1,86	5834
1,48	5834
1,4	5834
1,42	5834
1,42	5836
1,6	5836
1,42	5836
1,44	5836
1,66	5836
1,44	5838
1,6	5838
1,46	5838
1,4	5838
1,46	5838
1,46	5838
1,42	5840
1,44	5840
1,42	5840
1,42	5840
1,48	5842
1,42	5842
1,42	5842
1,42	5842
1,3	5842
1,8	5842
1,42	5844
1,42	5844
1,36	5844
1,06	5844
1,54	5844
1,44	5846
1,44	5846
1,4	5846
1,5	5846
1,5	5846
1,74	5846
1,42	5846
1,54	5846
1,56	5846
1,5	5846
1,8	5846
1,4	5848
1,6	5850
1,4	5850
1,02	5850
1,42	5850
87724	5850
87724	5850
1,62	5852
1,62	5852
1,62	5852
1,54	5854
1,6	5854
1,8	5854
1,4	5856
1,4	5856
1,48	5858
1,6	5858
1,4	5858
1,4	5858
1,42	5860
1,4	5860
1,4	5860
1,42	5860
1,42	5860
1,42	5860
1,8	5860
1,8	5860
1,42	5860
1,4	5862
1,44	5862
1,44	5862
1,4	5864
1,4	5864
1,4	5864
1,44	5866
1,18	5866
1,46	5866
1,5	5866
1,5	5866
1,8	5868
1,42	5868
1,82	5870
2,34	5870
1,6	5870
1,4	5872
1,62	5872
1,48	5872
1,4	5872
1,64	5874
1,52	5874
1,52	5874
1,9	5874
1,42	5876
1,42	5876
1,62	5876
1,46	5878
1,46	5878
1,66	5878
1,54	5878
1,6	5878
1,46	5878
1,44	5878
1,5	5878
1,6	5878
1,62	5878
1,64	5878
1,4	5880
2,48	5880
1,4	5880
1,4	5880
1,5	5880
2	5880
1,5	5880
1,4	5880
1,58	5882
1,6	5882
1,62	5884
1,42	5884
87782	5884
1,4	5884
1,52	5884
87662	5884
1,46	5886
1,44	5886
1,48	5888
1,58	5888
1,14	5890
1,58	5890
1,56	5890
1,7	5890
1,42	5892
1,42	5892
1,44	5892
1,44	5892
1,54	5892
1,58	5892
1,56	5894
1,52	5894
1,84	5894
1,46	5894
1,4	5894
1,4	5894
1,48	5894
1,48	5894
1,46	5894
1,64	5894
1,8	5894
1,46	5896
1,4	5896
1,8	5896
1,8	5896
1,8	5896
1,8	5896
2	5896
1,44	5898
1,52	5898
1,54	5898
1,44	5898
1,98	5898
1,62	5900
1,42	5900
1,42	5900
1,08	5902
1,44	5902
1,62	5902
1,46	5902
1,44	5902
1,4	5904
1,4	5904
1,4	5904
1,4	5904
1,44	5904
1,44	5904
1,4	5904
1,4	5904
1,4	5904
1,48	5904
1,4	5904
1,6	5906
1,58	5906
1,5	5906
1,42	5908
1,44	5908
1,44	5908
1,44	5908
1,5	5908
1,64	5908
1,52	5908
1,78	5910
1,4	5912
1,48	5912
1,48	5912
1,9	5912
1,82	5912
1,4	5912
1,42	5912
1,4	5912
1,44	5912
1,44	5912
1,44	5916
1,58	5916
1,44	5916
1,96	5916
1,12	5918
1,4	5918
1,58	5918
1,64	5918
1,48	5918
1,42	5920
1,4	5920
1,4	5920
1,4	5920
1,52	5920
1,44	5920
1,28	5920
1,42	5920
1,48	5920
1,54	5922
1,48	5922
1,44	5922
1,46	5922
1,46	5922
1,26	5922
1,44	5922
1,52	5922
1,42	5922
1,5	5922
1,92	5922
1,26	5924
1,44	5924
1,42	5924
1,64	5924
1,42	5926
1,82	5926
1,42	5928
1,42	5928
1,42	5928
1,4	5928
1,4	5928
1,5	5928
1,8	5928
1,8	5928
1,8	5928
1,8	5928
2	5928
87904	5928
87904	5928
1,8	5928
1,42	5930
1,42	5930
1,42	5930
1,42	5930
1,4	5930
1,4	5930
1,46	5932
1,7	5932
1,4	5932
1,5	5932
1,64	5932
1,4	5934
1,4	5934
1,72	5934
1,58	5934
0,62	1116
0,62	1116
0,62	1116
0,6	1118
0,62	1118
0,62	1118
0,62	1118
0,48	1118
0,48	1118
0,48	1118
0,48	1118
0,48	1118
0,64	1118
0,64	1118
0,48	1118
0,48	1118
0,48	1118
0,48	1118
0,48	1118
0,64	1118
0,64	1118
0,5	1120
0,5	1120
0,5	1120
0,54	1120
0,64	1120
0,72	1120
0,82	1122
0,64	1122
0,64	1122
1,5	5936
1,84	5936
2,26	5936
1,42	5936
87966	5936
1,8	5936
1,6	5938
1,04	5940
1,44	5940
1,4	5940
1,56	5940
1,56	5940
87844	5940
1,82	5942
1,62	5944
1,52	5944
1,4	5944
1,8	5944
1,62	5944
1,8	5946
1,5	5946
1,54	5946
1,4	5946
1,62	5946
1,4	5946
1,64	5948
1,14	5948
1,8	5948
2	5948
1,42	5948
1,4	5950
1,4	5950
1,64	5950
1,6	5950
1,66	5950
1,66	5950
1,54	5950
1,58	5952
1,44	5952
1,82	5952
1,42	5954
1,62	5954
1,52	5954
1,08	5954
1,42	5956
1,4	5956
1,6	5956
1,52	5956
1,44	5958
1,4	5958
1,72	5960
1,4	5960
1,4	5960
1,28	5960
1,4	5962
1,82	5962
1,82	5962
1,8	5964
1,42	5964
1,8	5964
1,42	5964
1,42	5964
1,42	5964
1,48	5968
1,8	5968
2	5968
1,4	5970
1,5	5970
1,64	5970
1,54	5972
1,6	5972
1,64	5972
1,68	5972
1,4	5974
1,48	5974
1,54	5976
1,2	5976
87782	5976
1,52	5976
1,44	5978
1,66	5980
1,52	5980
1,44	5980
1,14	5980
1,5	5982
1,4	5982
1,4	5984
1,5	5984
87966	5984
1,38	5986
1,74	5986
1,5	5986
1,4	5986
1,4	5986
1,5	5986
1,44	5986
87662	5986
1,42	5988
1,42	5988
1,62	5988
2,48	5988
1,62	5988
1,62	5988
1,46	5990
1,4	5990
1,82	5992
1,76	5992
1,54	5992
1,48	5994
1,44	5994
1,4	5996
1,44	5996
1,4	5996
87662	5996
1,7	5996
1,4	5998
1,46	5998
87724	5998
1,74	5998
1,42	5998
1,4	5998
1,48	5998
1,48	5998
1,4	5998
1,54	6000
1,86	6000
1,8	6002
1,8	6002
1,8	6002
1,44	6002
1,4	6002
1,4	6002
1,4	6002
1,2	6002
1,5	6004
1,66	6004
1,54	6004
1,42	6004
1,78	6004
1,44	6004
1,44	6004
1,6	6004
1,46	6004
1,52	6006
87662	6006
1,3	6006
1,62	6008
1,62	6008
1,4	6008
1,22	6008
1,56	6008
1,44	6008
1,84	6008
1,5	6010
1,1	6010
1,6	6010
1,44	6010
1,46	6010
1,82	6012
1,82	6012
1,42	6012
1,42	6012
1,1	6012
1,42	6014
1,42	6014
1,4	6014
1,42	6014
1,42	6014
1,42	6014
1,42	6014
1,42	6014
1,52	6014
1,82	6014
1,4	6016
1,22	6016
1,4	6016
1,64	6016
1,42	6018
1,42	6018
1,42	6018
1,48	6018
1,66	6020
1,66	6020
1,6	6020
1,6	6022
1,46	6022
2	6022
87724	6022
87724	6022
87724	6022
1,22	6022
1,4	6022
1,4	6022
1,4	6022
1,4	6022
1,54	6022
1,5	6022
1,5	6022
2	6022
1,56	6024
1,64	6024
1,44	6024
1,44	6024
1,44	6024
1,6	6026
1,5	6026
1,42	6026
1,42	6026
1,62	6026
1,62	6026
1,8	6026
1,56	6028
1,42	6028
1,46	6028
87662	6028
1,8	6028
1,68	6030
1,82	6030
1,56	6030
1,62	6030
1,44	6032
1,4	6032
1,4	6032
1,8	6032
1,52	6032
1,92	6032
1,8	6032
1,4	6034
1,42	6034
88332	6034
1,4	6034
1	6034
88332	6034
1,4	6036
87782	6036
1,4	6036
1,42	6036
1,44	6036
1,4	6036
87724	6036
1,54	6036
1,4	6036
1,86	6038
1,56	6038
1,42	6040
1,46	6046
1,3	6046
1,7	6046
1,8	6048
1,8	6048
1,5	6048
1,8	6048
1,8	6048
1,44	6048
1,8	6048
1,44	6048
1,5	6048
1,5	6048
1,44	6048
1,5	6048
1,3	6050
1,4	6052
1,18	6052
1,42	6052
1,66	6054
87724	6054
2	6054
87724	6054
1,54	6054
1,4	6056
1,6	6060
1,48	6060
1,54	6062
1,44	6064
87662	6064
87662	6064
1,1	6064
1,42	6066
1,46	6066
1,52	6066
1,04	6066
1,4	6066
1,4	6066
1,4	6066
1,84	6066
1,82	6066
1,82	6068
1,82	6068
1,4	6068
1,44	6070
1,42	6070
1,44	6070
1,56	6070
1,42	6070
1,6	6072
1,48	6072
1,48	6072
1,22	6072
1,56	6072
1,4	6074
0,64	1122
0,64	1122
0,8	1122
0,64	1122
0,64	1122
0,64	1122
0,64	1122
0,64	1122
0,64	1122
0,64	1122
0,64	1122
0,64	1122
0,64	1122
0,64	1122
0,64	1122
0,64	1122
0,64	1122
0,64	1122
0,64	1122
0,64	1122
0,64	1122
0,64	1122
0,64	1122
0,64	1122
0,64	1122
0,64	1122
0,64	1122
0,64	1122
0,64	1122
0,64	1122
1,44	6074
1,52	6076
1,4	6076
1,46	6076
1,4	6078
1,4	6078
1,54	6080
1,84	6080
1,46	6082
1,42	6082
1,42	6082
1,62	6084
1,42	6084
1,44	6086
1,62	6086
1,62	6086
1,54	6088
1,66	6088
1,42	6090
1,42	6090
1,56	6090
1,42	6090
1,44	6090
2,28	6090
1,5	6090
1,5	6092
1,4	6092
1,58	6094
1,46	6094
1,82	6094
1,82	6094
1,86	6094
1,64	6096
1,5	6096
1,44	6096
1,44	6096
1,44	6096
1,44	6096
1,8	6096
1,44	6096
1,44	6096
1,5	6098
1,32	6098
1,66	6098
1,24	6100
1,6	6100
1,52	6100
1,52	6100
1,64	6100
1,62	6100
87724	6102
1,32	6102
1,4	6104
1,54	6104
1,4	6104
87782	6104
1,4	6106
1,42	6106
1,4	6106
1,42	6106
1,62	6106
1,56	6106
1,5	6106
1,58	6106
1,58	6106
1,58	6106
1,58	6106
1,4	6108
87662	6108
87662	6108
87662	6108
87662	6108
1,56	6110
1,3	6112
1,22	6112
1,56	6112
1,52	6112
1,8	6114
1,84	6114
1,14	6114
1,52	6114
1,8	6114
1,64	6114
1,82	6116
1,58	6116
1,82	6116
1,44	6118
1,62	6118
1,42	6118
87782	6120
1,8	6120
1,48	6122
1,4	6122
1,42	6122
1,8	6122
1,42	6122
1,82	6122
1,42	6124
1,4	6124
1,44	6124
1,8	6124
1,42	6124
1,42	6124
1,86	6124
1,4	6126
1,4	6126
1,4	6126
1,42	6128
1,52	6128
1,4	6128
1,4	6128
1,6	6128
1,44	6130
1,4	6130
1,3	6130
1,7	6132
1,54	6132
1,42	6132
1,42	6132
1,6	6132
1,6	6132
1,46	6132
1,8	6134
1,56	6134
1,4	6136
1,4	6136
1,7	6140
1,6	6140
1,6	6140
1,84	6140
1,6	6142
1,64	6142
1,42	6144
1,4	6146
1,58	6146
1,4	6146
1,5	6146
1,42	6146
1,24	6146
87782	6146
1,4	6146
1,56	6148
1,8	6148
1,54	6148
1,8	6148
1,44	6150
1,44	6150
1,42	6150
1,4	6150
1,44	6150
1,52	6150
1,52	6150
1,58	6150
1,58	6154
1,58	6154
1,46	6154
1,42	6154
1,42	6154
1,5	6156
1,44	6156
1,66	6156
1,52	6158
1,88	6158
1,82	6158
2	6160
2	6160
2	6160
2	6160
2	6160
1,64	6160
1,42	6160
1,42	6160
1,58	6162
1,5	6162
1,58	6162
1,42	6162
1,6	6164
1,82	6164
1,2	6164
1,2	6164
1,4	6164
1,82	6164
1,42	6164
1,72	6164
1,6	6164
1,6	6164
1,6	6164
1,84	6166
1,44	6166
87662	6166
1,42	6168
1,44	6168
1,62	6168
1,06	6168
1,22	6168
1,7	6168
1,5	6168
1,8	6168
1,8	6168
1,8	6168
1,8	6168
1,8	6168
1,8	6168
1,8	6168
1,62	6168
1,62	6168
1,8	6168
87724	6168
1,44	6168
1,5	6170
1,68	6172
1,5	6172
1,4	6174
1,4	6174
1,82	6174
1,4	6174
1,52	6174
1,48	6174
87662	6176
87662	6176
1,58	6178
1,54	6178
1,46	6178
1,46	6178
1,46	6178
1,46	6178
1,46	6178
1,46	6178
1,42	6180
1,16	6180
1,74	6180
1,42	6180
1,44	6182
1,84	6182
87724	6182
1,6	6182
1,96	6182
1,4	6184
1,4	6184
1,4	6184
1,6	6186
1,4	6186
1,4	6186
1,44	6186
1,42	6190
1,4	6190
1,62	6190
1,88	6190
1,8	6190
1,42	6192
1,42	6192
1,54	6192
1,82	6192
1,62	6194
1,62	6194
1,04	6194
1,06	6194
2,58	6196
1,8	6198
1,44	6198
1,88	6198
1,86	6202
1,48	6202
1,62	6202
1,42	6202
1,44	6204
1,8	6204
1,44	6204
1,8	6204
1,66	6206
1,32	6206
1,42	6206
1,56	6206
1,62	6208
1,42	6208
1,8	6208
1,8	6208
1,8	6208
1,4	6210
1,56	6210
1,56	6210
1,8	6210
1,8	6210
1,8	6210
3,04	6210
3,04	6210
1,8	6210
1,8	6210
1,5	6210
1,4	6210
1,8	6210
1,44	6210
1,8	6210
1,8	6210
1,44	6210
1,58	6214
1,58	6214
1,4	6214
1,4	6214
1,4	6214
0,64	1122
0,64	1122
0,64	1122
0,64	1122
0,64	1122
0,64	1122
0,64	1122
0,64	1122
0,64	1122
0,64	1122
0,64	1122
0,64	1122
0,64	1122
0,64	1122
0,64	1122
0,64	1122
0,64	1122
0,64	1122
0,64	1122
0,64	1122
0,64	1122
0,64	1122
0,64	1122
0,64	1122
0,64	1122
0,64	1122
0,64	1122
0,64	1122
0,64	1122
0,64	1122
1,52	6214
1,8	6214
1,8	6214
1,52	6214
1,62	6214
1,54	6216
1,48	6216
1,5	6216
1,4	6218
1,4	6218
1,62	6218
87662	6220
1,52	6222
87662	6222
1,6	6222
1,36	6224
1,82	6224
1,58	6224
1,42	6224
1,42	6224
1,42	6224
1,42	6226
1,56	6226
1,64	6226
1,8	6228
1,8	6228
1,52	6228
1,54	6228
1,8	6228
1,86	6228
1,72	6230
1,4	6230
1,8	6230
1,68	6230
1,6	6232
1,8	6232
1,8	6232
1,42	6232
1,84	6234
88088	6236
1,7	6236
1,66	6236
2,32	6236
1,74	6236
1,8	6238
1,4	6238
1,4	6238
87724	6238
87724	6238
1,82	6238
1,5	6240
1,8	6240
1,54	6242
1,52	6242
1,8	6242
1,8	6242
1,8	6242
1,72	6242
1,42	6244
1,44	6244
1,44	6244
1,84	6244
1,8	6246
1,4	6246
1,42	6246
1,42	6246
1,42	6246
1,64	6246
1,54	6248
1,44	6248
1,68	6250
1,66	6250
1,88	6250
1,8	6250
1,04	6250
1,86	6250
1,14	6252
1,44	6252
1,14	6252
2,26	6254
1,4	6254
1,4	6254
1,46	6254
1,46	6254
1,46	6254
1,42	6256
1,4	6258
1,5	6258
1,5	6258
1,94	6258
1,48	6260
1,48	6260
1,48	6260
1,48	6260
1,4	6262
1,42	6262
1,64	6262
1,44	6266
1,64	6266
1,48	6266
1,88	6268
1,42	6270
1,42	6270
1,46	6270
1,6	6270
1,62	6270
1,4	6272
2	6272
1,6	6272
1,5	6272
2	6272
1,42	6272
2	6272
2	6272
2	6272
2	6272
1,6	6274
1,44	6274
1,42	6274
1,42	6274
87662	6274
1,58	6276
1,48	6276
1,44	6278
1,8	6278
1,8	6278
1,8	6278
1,8	6278
1,44	6278
1,08	6278
1,46	6280
1,4	6280
1,44	6280
1,46	6280
87724	6282
87724	6282
1,8	6282
2	6284
1,4	6284
2	6284
87724	6284
2	6284
2	6284
1,36	6286
1,66	6286
1,6	6288
2,42	6288
1,4	6290
1,42	6290
1,68	6290
1,8	6290
1,8	6290
1,4	6290
1,4	6290
1,42	6290
1,4	6290
1,8	6290
1,8	6290
1,8	6290
1,8	6290
1,48	6290
1,44	6290
1,44	6290
1,56	6290
1,42	6292
1,42	6292
1,84	6292
1,6	6292
1,62	6292
1,56	6292
1,46	6292
87966	6292
2	6292
1,54	6296
1,4	6296
1,4	6296
87724	6296
1,82	6298
87782	6298
87782	6298
87782	6298
1,88	6300
1,76	6300
1,5	6300
1,5	6300
1,44	6302
1,54	6304
1,5	6304
1,66	6306
1,8	6306
1,6	6306
1,42	6306
1,84	6306
1,4	6308
1,4	6308
1,4	6308
1,9	6308
1,16	6308
1,46	6308
1,54	6308
1,4	6308
1,4	6308
1,9	6308
1,6	6308
2,44	6312
1,28	6314
87966	6316
1,54	6316
1,6	6316
1,64	6318
1,56	6318
1,4	6320
1,8	6320
1,54	6320
1,8	6320
1,8	6320
1,8	6320
1,8	6320
1,8	6320
1,8	6320
1,8	6320
1,62	6320
1,8	6320
1,26	6322
1,42	6322
1,42	6322
1,42	6322
1,52	6324
1,8	6324
1,8	6324
1,8	6324
1,4	6324
1,48	6326
1,48	6326
1,56	6326
1,58	6326
1,46	6328
1,46	6328
2	6328
1,4	6330
1,84	6330
1,54	6332
1,46	6332
1,74	6332
87662	6334
1,42	6334
1,44	6334
1,4	6334
1,58	6334
1,7	6334
1,4	6334
1,44	6334
87662	6334
87662	6334
88088	6336
2,46	6336
1,82	6338
1,58	6338
1,54	6338
1,52	6340
1,84	6340
1,84	6340
1,52	6340
1,5	6340
1,48	6340
1,48	6340
88150	6340
1,48	6340
1,48	6340
1,48	6342
1,66	6342
1,66	6342
1,56	6342
1,5	6342
1,66	6342
1,58	6342
87782	6344
87782	6344
87782	6344
1,4	6344
1,4	6344
1,68	6344
1,86	6344
1,4	6346
87662	6346
1,6	6346
87662	6346
1,84	6348
1,42	6350
1,4	6350
1,8	6350
1,4	6350
1,8	6350
1,8	6350
1,4	6350
2	6350
87904	6350
1,8	6352
1,8	6352
1,54	6352
0,64	1122
0,64	1122
0,64	1122
0,64	1122
0,64	1122
0,64	1122
0,64	1122
0,64	1122
0,64	1122
0,64	1122
0,64	1122
0,64	1122
0,64	1122
0,64	1122
0,64	1122
0,8	1122
0,64	1122
0,64	1122
0,64	1122
0,64	1122
0,64	1122
0,64	1122
0,64	1122
0,64	1122
0,64	1122
0,64	1122
0,64	1122
0,64	1122
0,52	1124
0,62	1124
1,4	6352
1,44	6352
1,4	6354
1,48	6354
1,34	6356
1,48	6356
1,44	6358
1,44	6358
1,44	6358
1,44	6358
1,62	6358
87904	6358
1,48	6360
1,86	6360
1,74	6360
1,44	6360
1,44	6360
1,44	6360
1,82	6360
1,82	6360
1,82	6360
1,82	6362
1,9	6362
1,26	6362
1,84	6362
1,9	6362
1,6	6362
1,46	6364
1,46	6364
1,46	6366
1,46	6366
1,44	6366
88272	6366
1,7	6366
1,52	6366
1,4	6366
1,46	6368
1,56	6368
1,4	6370
1,4	6370
1,4	6370
1,58	6370
1,44	6370
1,8	6374
1,92	6374
1,8	6374
87782	6376
1,8	6376
1,5	6376
1,54	6378
1,82	6378
1,7	6378
1,42	6378
1,48	6378
1,46	6378
1,46	6378
87662	6380
1,42	6380
1,78	6380
1,84	6380
87662	6380
1,4	6382
1,4	6382
1,4	6382
1,42	6382
1,42	6382
1,6	6384
1,42	6384
1,5	6384
1,42	6384
1,42	6384
1,62	6384
1,52	6384
1,82	6384
2	6384
1,52	6384
2	6384
1,62	6386
1,46	6386
1,8	6386
1,4	6386
1,62	6386
1,8	6386
1,08	6388
1,66	6390
1,46	6390
1,42	6390
1,6	6390
1,66	6390
1,82	6390
1,82	6390
1,2	6392
1,8	6392
1,82	6392
1,8	6394
1,02	6394
1,54	6394
87662	6394
1,66	6396
1,46	6396
1,42	6396
1,42	6396
1,66	6396
1,4	6398
2	6398
1,42	6398
1,42	6398
87724	6398
1,4	6398
1,4	6398
87724	6398
1,46	6400
1,48	6400
1,8	6400
1,8	6402
1,4	6402
1,4	6402
1,46	6402
1,68	6402
1,52	6402
1,42	6406
87844	6406
87844	6406
1,4	6408
1,4	6408
87724	6408
87844	6408
1,4	6410
88272	6410
1,4	6410
1,4	6410
1,42	6410
1,8	6410
1,8	6410
1,8	6410
1,8	6410
1,8	6410
1,8	6410
1,8	6410
1,44	6410
1,5	6412
1,5	6412
1,5	6412
1,16	6412
1,4	6412
1,4	6412
1,4	6412
1,66	6414
1,66	6414
87662	6414
1,54	6416
1,4	6416
1,4	6416
1,8	6416
1,86	6416
1,6	6418
1,8	6418
1,46	6418
1,58	6418
1,6	6420
1,4	6420
1,42	6420
1,58	6420
1,8	6420
1,8	6420
1,8	6420
1,82	6420
1,82	6420
1,8	6422
1,46	6422
1,46	6422
1,54	6422
1,64	6422
1,22	6424
1,42	6424
1,42	6424
1,42	6424
1,52	6424
1,62	6426
1,56	6428
1,4	6428
1,9	6428
1,84	6430
1,92	6430
1,92	6430
87662	6432
87662	6432
1,42	6434
1,42	6434
1,42	6434
1,42	6434
2	6434
1,8	6434
1,28	6434
1,42	6434
1,54	6436
1,04	6436
1,42	6436
1,8	6436
1,54	6436
2,36	6438
1,44	6438
1,44	6438
1,44	6438
1,44	6438
1,44	6438
1,8	6440
1,8	6440
1,5	6440
1,46	6440
2,3	6440
1,42	6444
1,42	6444
1,02	6446
1,44	6446
1,64	6448
87662	6448
1,8	6450
1,36	6450
1,8	6452
1,48	6452
1,48	6452
1,46	6452
1,6	6452
1,8	6452
1,8	6452
1,44	6452
1,02	6452
1,72	6456
1,3	6456
1,48	6456
1,44	6458
1,4	6458
1,4	6458
1,42	6458
1,42	6458
1,42	6458
1,42	6458
1,92	6458
1,82	6458
1,58	6460
87782	6460
1,62	6460
1,5	6462
1,62	6462
1,8	6462
1,4	6462
1,66	6462
1,18	6468
2	6468
1,42	6468
87904	6468
1,4	6468
1,42	6468
1,4	6468
87904	6468
1,4	6468
1,54	6468
1,4	6470
1,6	6470
1,46	6470
1,4	6470
1,4	6470
1,44	6470
1,44	6472
1,9	6474
1,7	6474
1,78	6476
1,44	6476
1,52	6476
1,82	6476
1,4	6476
1,42	6476
1,42	6476
1,4	6478
1,4	6478
1,4	6478
1,46	6478
1,8	6478
1,54	6480
1,54	6482
1,58	6484
1,44	6484
1,8	6484
1,54	6486
1,62	6486
1,36	6486
1,42	6490
1,8	6492
1,48	6492
1,68	6492
1,8	6492
1,8	6492
1,8	6492
1,8	6492
1,8	6492
1,8	6492
1,8	6492
87782	6492
1,8	6492
0,62	1124
0,62	1124
0,62	1124
0,62	1124
0,62	1124
0,62	1124
0,62	1124
0,78	1124
0,58	1126
0,7	1126
0,62	1126
0,5	1126
0,64	1128
0,64	1128
0,66	1128
0,66	1128
0,6	1128
0,6	1128
0,64	1128
0,52	1128
0,52	1128
0,52	1128
0,52	1128
0,52	1128
0,52	1128
0,72	1130
0,68	1130
0,68	1130
0,62	1130
0,62	1130
1,8	6492
1,8	6492
1,82	6492
1,4	6494
1,4	6494
1,4	6494
1,42	6494
1,42	6494
1,04	6494
1,52	6496
1,22	6496
1,22	6496
1,22	6496
1,3	6496
1,4	6496
2	6496
1,66	6498
1,52	6498
1,52	6498
1,52	6498
1,46	6498
1,62	6500
1,8	6500
1,8	6500
1,8	6500
1,44	6500
1,66	6500
1,8	6500
1,8	6500
1,86	6500
1,46	6500
1,8	6502
1,42	6502
1,6	6502
1,64	6502
1,8	6502
1,8	6502
1,8	6502
1,54	6502
1,42	6504
1,4	6504
1,4	6506
1,4	6506
1,4	6506
1,54	6506
1,8	6506
1,56	6506
1,66	6508
1,42	6508
1,48	6508
1,48	6508
1,8	6510
1,8	6510
1,46	6510
1,8	6512
1,82	6512
1,58	6512
1,52	6514
1,62	6514
1,44	6514
1,82	6516
1,56	6516
1,86	6516
1,56	6518
2	6518
1,5	6520
1,54	6520
1,4	6522
1,52	6522
1,4	6522
87844	6522
87844	6522
1,8	6524
1,42	6524
1,82	6524
1,5	6526
88272	6526
1,44	6528
1,76	6528
1,76	6528
1,44	6530
1,4	6530
1,4	6530
2	6530
1,4	6530
1,68	6530
2	6530
2	6530
2	6530
2	6530
2	6530
1,86	6532
1,62	6532
1,62	6532
88332	6532
1,62	6532
1,8	6534
1,8	6534
1,8	6534
1,8	6534
1,82	6534
1,4	6534
1,56	6534
1,6	6534
1,56	6534
1,56	6534
1,5	6536
1,4	6536
1,92	6538
1,8	6538
1,4	6540
1,44	6540
1,5	6540
1,62	6540
1,12	6540
1,46	6540
1,46	6540
1,58	6540
1,8	6542
87662	6542
1,34	6542
1,42	6544
1,6	6546
1,46	6546
1,6	6546
1,6	6546
1,8	6548
1,8	6548
1,44	6548
1,44	6548
1,44	6548
1,4	6550
1,9	6550
1,46	6550
1,44	6550
1,44	6550
87662	6550
1,8	6552
1,4	6552
1,66	6552
2	6552
1,8	6552
2	6552
1,8	6552
2	6552
1,56	6552
2	6552
2,5	6552
1,4	6554
1,84	6554
1,4	6556
2,36	6556
1,82	6556
1,68	6558
87662	6560
1,42	6562
1,42	6562
1,86	6562
1,64	6564
1,8	6564
1,8	6564
1,82	6564
1,82	6564
1,84	6564
1,84	6564
1,82	6564
1,82	6564
1,84	6564
1,84	6564
1,84	6564
1,6	6566
1,68	6566
1,44	6566
1,44	6566
1,44	6566
1,6	6566
1,6	6566
1,04	6568
1,42	6568
1,72	6568
1,78	6568
1,48	6570
1,6	6570
1,88	6570
1,6	6570
87844	6570
1,92	6572
1,82	6572
1,82	6574
1,48	6574
1,4	6574
1,4	6574
1,82	6574
87782	6576
1,46	6576
87662	6576
1,8	6576
87782	6576
1,82	6580
1,8	6580
1,66	6580
1,42	6580
1,42	6580
1,82	6580
87724	6580
1,54	6582
1,54	6582
1,54	6582
1,8	6584
1,8	6584
1,72	6586
2	6586
1,6	6586
2	6586
1,6	6586
87904	6586
2	6586
1,52	6586
87662	6588
1,44	6588
1,4	6588
1,48	6588
1,8	6590
1,4	6590
1,66	6590
1,44	6590
1,64	6590
87662	6592
1,6	6592
1,4	6592
88026	6592
1,82	6592
88026	6592
1,6	6594
1,6	6594
87662	6594
87724	6596
1,82	6596
1,56	6596
1,56	6596
1,4	6596
1,82	6598
87662	6598
1,24	6598
1,82	6598
1,42	6598
1,42	6598
1,42	6598
1,42	6598
87904	6598
1,54	6598
1,92	6598
2	6600
1,4	6600
1,54	6600
1,4	6600
1,8	6602
1,44	6602
1,42	6602
1,46	6602
1,82	6604
88088	6604
1,8	6606
1,8	6606
1,8	6606
1,8	6606
1,8	6606
1,8	6606
1,8	6606
1,8	6606
1,4	6606
1,54	6606
1,62	6606
1,42	6608
1,42	6608
1,44	6608
1,42	6608
1,52	6608
2	6608
2	6608
2	6608
2	6608
1,64	6612
1,52	6612
1,52	6612
1,06	6614
1,46	6614
1,8	6614
1,42	6614
1,42	6614
1,46	6614
1,8	6616
1,8	6616
1,46	6616
1,62	6616
1,32	6618
1,54	6618
1,4	6618
1,4	6618
87662	6618
0,62	1130
0,62	1130
0,52	1130
0,52	1130
0,82	1130
0,62	1130
0,6	1130
0,6	1130
0,6	1130
0,6	1130
0,6	1130
0,6	1130
0,6	1130
0,6	1130
0,54	1132
0,54	1132
0,54	1132
0,54	1132
0,54	1132
0,54	1132
0,54	1132
0,76	1132
0,54	1132
0,54	1132
0,7	1132
0,68	1132
0,68	1132
0,68	1132
0,76	1132
0,68	1132
1,4	6620
1,46	6620
1,24	6620
1,52	6622
1,46	6622
1,46	6622
1,62	6622
1,62	6622
1,46	6622
1,6	6624
1,4	6624
1,6	6624
1,68	6624
1,8	6624
1,92	6624
2,48	6624
1,8	6624
1,48	6624
1,4	6624
1,8	6624
2,48	6624
1,14	6626
87724	6626
1,9	6628
1,62	6628
1,5	6628
1,66	6628
1,48	6630
1,68	6632
1,42	6632
1,86	6634
1,54	6636
1,8	6636
1,8	6636
1,58	6636
1,84	6636
1,46	6638
1,4	6638
87724	6642
1,04	6642
1,42	6642
1,42	6642
1,54	6642
87966	6642
1,66	6644
1,44	6644
1,72	6646
1,38	6646
1,42	6646
1,48	6646
1,06	6646
1,62	6646
1,84	6646
1,84	6646
1,82	6646
1,84	6646
1,62	6648
1,8	6648
1,58	6648
1,4	6650
1,4	6650
1,4	6650
1,56	6650
1,92	6652
1,8	6652
1,56	6652
1,8	6652
1,8	6652
1,44	6652
1,8	6652
1,8	6652
1,46	6654
1,58	6656
1,46	6656
1,48	6656
1,64	6656
1,76	6656
2,54	6656
1,76	6658
1,44	6660
1,4	6660
1,4	6660
1,4	6660
1,42	6664
1,42	6664
1,42	6664
1,54	6664
1,42	6664
1,8	6664
1,8	6664
1,84	6664
1,96	6664
1,2	6666
1,42	6666
1,86	6666
1,8	6668
1,8	6668
1,56	6668
1,56	6668
1,44	6668
1,9	6670
1,84	6670
1,4	6670
1,88	6670
1,28	6672
1,22	6672
1,5	6672
1,5	6672
87662	6674
1,22	6674
1,98	6674
87662	6674
1,44	6676
1,8	6676
1,8	6676
1,62	6676
1,8	6676
1,42	6680
1,82	6680
1,82	6680
1,82	6680
1,84	6680
1,82	6680
1,48	6680
87724	6684
1,46	6684
1,42	6684
1,46	6684
1,46	6684
1,8	6684
1,8	6684
1,56	6684
1,56	6686
1,54	6686
1,14	6686
1,42	6688
2	6688
1,82	6688
1,44	6688
1,84	6690
1,4	6690
1,56	6690
1,54	6690
1,94	6692
1,06	6692
1,46	6692
1,42	6692
1,82	6692
1,82	6692
1,42	6694
1,66	6694
1,4	6696
1,4	6696
1,8	6696
2	6696
87662	6696
87662	6698
1,82	6698
1,42	6698
1,54	6700
1,8	6700
1,8	6700
1,54	6702
1,88	6702
1,26	6702
1,52	6704
1,44	6704
1,44	6704
1,44	6704
1,06	6704
87904	6704
87904	6704
1,48	6706
1,46	6706
1,8	6706
1,52	6706
1,8	6706
1,8	6706
1,88	6706
1,62	6706
1,42	6708
88026	6708
1,4	6708
1,42	6708
1,42	6708
1,62	6710
1,92	6710
2,56	6710
1,6	6712
1,78	6712
1,54	6714
1,54	6714
1,6	6714
1,8	6714
1,64	6714
1,82	6714
1,48	6714
1,48	6714
1,8	6716
1,4	6716
1,86	6716
1,4	6718
87724	6718
1,86	6718
1,56	6720
1,4	6720
1,42	6720
1,42	6720
87662	6720
2	6720
2	6720
2	6720
2	6720
2	6720
2	6720
1,02	6720
2	6720
1,4	6722
1,64	6722
1,56	6724
1,6	6724
1,82	6726
1,52	6726
1,26	6726
1,64	6726
1,82	6726
1,82	6726
1,82	6726
1,82	6726
1,64	6728
1,4	6730
1,5	6730
1,9	6730
1,66	6730
1,6	6730
1,48	6730
1,42	6732
2,26	6732
1,52	6734
1,8	6736
1,8	6736
1,8	6736
1,6	6738
1,38	6738
1,6	6738
1,6	6738
1,46	6740
1,46	6740
1,46	6740
1,68	6740
1,4	6740
1,8	6742
1,8	6742
1,42	6742
1,42	6742
1,8	6742
1,72	6744
1,74	6744
1,52	6744
1,42	6744
1,64	6746
1,04	6746
1,62	6746
1,44	6748
1,48	6748
1,4	6750
1,44	6750
1,8	6750
2,46	6750
1,42	6752
1,86	6752
1,82	6752
1,4	6752
1,42	6752
1,82	6752
87662	6754
1,58	6754
1,84	6754
1,8	6754
1,4	6754
1,8	6754
1,8	6754
1	6756
1	6756
87782	6756
1,46	6756
1,24	6756
1,9	6756
1,82	6758
1,82	6758
1,82	6758
1,64	6760
1,4	6760
1,42	6760
1,42	6760
1,6	6762
1,42	6762
1,84	6764
1,82	6764
1,2	6764
0,6	810
0,6	810
0,62	812
0,6	814
0,6	814
0,5	814
0,5	814
0,54	814
0,54	814
0,6	814
0,6	814
0,64	814
0,6	814
0,6	814
0,5	814
0,48	816
0,6	816
0,62	816
0,62	816
0,62	816
0,62	816
0,62	816
0,62	816
0,62	816
0,62	816
0,62	816
0,62	816
0,62	816
0,62	816
0,62	816
0,68	1132
0,54	1134
0,54	1134
0,7	1134
0,54	1134
0,64	1134
0,64	1134
0,6	1134
0,6	1134
0,6	1134
0,6	1134
0,56	1134
0,54	1134
0,8	1134
0,62	1134
0,66	1134
0,66	1134
0,66	1134
0,6	1136
0,6	1136
0,76	1136
0,76	1136
0,76	1136
0,78	1136
0,62	1136
0,72	1136
0,6	1136
0,72	1136
0,72	1136
0,72	1136
1,8	6764
1,8	6764
87724	6764
1,4	6768
1,4	6768
1,4	6768
1,58	6768
1,9	6768
1,42	6768
1,52	6768
1,56	6770
1,8	6770
1,8	6770
1,44	6770
1,82	6774
1,82	6774
1,8	6774
1,8	6774
1,8	6774
1,8	6774
1,8	6774
1,8	6774
1,8	6774
1,54	6774
1,8	6774
1,8	6774
2	6774
87662	6776
1,82	6776
1,8	6776
1,8	6776
87662	6776
1,48	6776
1,4	6778
1,48	6778
1,46	6778
1,56	6778
1,76	6780
1,58	6780
1,8	6782
1,8	6782
1,44	6782
1,44	6782
87966	6782
1,68	6784
1,82	6784
1,7	6784
87844	6784
87844	6784
1,54	6786
1,42	6786
1,66	6786
1,52	6788
1,88	6788
87662	6788
87662	6788
87662	6788
87662	6788
87904	6790
1,46	6792
1,22	6794
1,62	6794
1,58	6796
1,8	6796
1,8	6796
1,8	6796
1,8	6796
1,8	6796
1,8	6796
1,8	6796
1,7	6796
1,62	6796
87662	6798
87662	6798
87662	6798
1,4	6798
1,4	6798
1,84	6800
1,8	6800
1,76	6800
1,84	6800
1,48	6802
1,8	6802
1,8	6802
1,56	6802
1,52	6802
1,52	6802
1,48	6804
1,62	6804
1,5	6804
2,28	6806
1,4	6806
1,7	6806
1,82	6806
1,62	6808
1,42	6808
1,42	6808
1,42	6808
1,62	6808
1,82	6810
1,44	6810
1,42	6810
2	6810
1,42	6812
1,42	6812
1,8	6814
1,8	6814
1,8	6814
1,84	6814
87844	6814
1,8	6814
1,82	6816
1,82	6816
1,66	6816
1,44	6818
1,44	6818
1,44	6818
1,4	6820
1,46	6822
1,46	6822
87662	6822
87662	6822
88026	6824
1,46	6824
1,48	6826
1,58	6826
1,62	6826
1,82	6828
1,52	6830
88026	6830
1,54	6830
88026	6830
2,42	6830
2	6832
1,48	6832
1,48	6832
1,84	6834
1,58	6834
1,44	6834
1,44	6834
87662	6834
1,8	6836
1,8	6836
1,86	6836
1,72	6836
88150	6836
1,6	6838
1,4	6838
1,4	6838
1,5	6838
1,4	6838
1,4	6838
1,92	6838
1,92	6838
1,44	6840
1,56	6840
1,42	6840
1,64	6840
1,6	6840
1,86	6840
87662	6842
1,42	6842
1,42	6842
1,18	6844
1,62	6844
1,62	6844
1,8	6844
2	6844
2	6844
1,82	6846
1,82	6846
1,82	6846
1,82	6846
1,52	6846
1,8	6846
1,8	6846
88150	6848
1,52	6848
1,8	6850
1,4	6850
1,42	6850
1,82	6850
1,86	6850
1,82	6850
87844	6850
2	6854
2	6854
1,44	6854
87724	6854
2	6854
1,8	6854
1,8	6856
1,64	6856
1,54	6856
87904	6856
1,54	6856
1,54	6856
1,54	6856
1,4	6858
1,56	6858
1,6	6858
1,6	6858
1,6	6858
1,46	6858
1,78	6858
1,46	6858
1,8	6862
1,8	6862
1,52	6862
1,42	6862
1,42	6862
1,42	6862
1,42	6862
1,42	6862
1,42	6862
1,42	6862
1,58	6864
1,48	6868
1,82	6870
1,5	6870
1,42	6870
1,58	6872
1,8	6874
1,8	6874
1,8	6874
1,8	6874
1,8	6874
1,86	6874
1,86	6874
1,82	6876
1,82	6876
1,46	6876
1,64	6878
87662	6878
1,46	6880
1,7	6882
1,6	6882
1,46	6884
1,06	6884
1,54	6884
1,72	6884
1,64	6886
1,52	6886
1,52	6886
2	6886
88150	6886
2,44	6886
87782	6888
1,42	6888
87782	6888
87724	6888
1,56	6888
1,8	6890
1,8	6890
1,8	6890
1,8	6890
1,8	6890
1,4	6890
1,82	6890
1,56	6892
1,02	6892
1,52	6892
1,02	6892
1,4	6892
1,62	6892
1,8	6894
1,8	6894
1,8	6894
1,8	6894
1,8	6894
1,8	6894
1,8	6894
1,4	6894
1,8	6894
1,52	6894
1,4	6896
1,44	6898
87844	6898
1,8	6898
1,8	6898
2	6900
2	6900
1,44	6900
2	6900
2	6900
2	6900
87662	6900
1,4	6900
1,54	6900
2	6900
1,4	6902
87724	6902
1,86	6904
1,8	6904
1,68	6906
1,46	6906
1,64	6906
1,82	6906
1,8	6906
1,48	6908
0,6	1136
0,72	1136
0,72	1136
0,72	1136
0,72	1136
0,72	1136
0,6	1136
0,72	1136
0,6	1136
0,72	1136
0,72	1136
0,72	1136
0,72	1136
0,52	1138
0,7	1138
0,7	1138
0,6	1138
0,6	1138
0,66	1140
0,82	1140
0,6	1140
0,6	1140
0,6	1140
0,6	1140
0,6	1140
0,6	1140
0,6	1140
0,6	1140
0,46	1142
0,72	1142
1,48	6908
1,56	6908
1,4	6908
1,92	6908
87724	6910
87724	6910
1,8	6910
87724	6910
1,5	6912
1,72	6912
1,88	6912
1,42	6914
1,8	6914
87904	6914
1,8	6914
1,8	6914
1,8	6914
87904	6914
87844	6918
87724	6918
1,8	6918
1,46	6918
1,44	6918
1,64	6920
1,6	6920
87782	6922
1,42	6922
87662	6922
87662	6922
87966	6922
87662	6922
1,48	6922
87662	6922
1,92	6924
1,48	6924
1,5	6924
87662	6924
1,62	6924
1,48	6924
1,46	6926
1,82	6926
1,46	6926
1,4	6926
1,42	6928
1,42	6928
1,8	6928
1,46	6928
1,42	6928
1,42	6928
2	6930
2	6930
2	6930
1,12	6930
1,42	6930
1,8	6930
1,44	6930
1,8	6930
1,8	6930
2,5	6930
87782	6932
1,46	6932
1,46	6934
1,8	6936
1,1	6936
1,1	6936
1,1	6936
1,4	6936
1,54	6936
1,8	6936
88272	6938
1,46	6940
1,8	6940
1,4	6942
1,6	6942
1,6	6942
1,46	6942
1,4	6942
1,4	6942
1,46	6942
1,4	6944
2	6944
2	6944
1,76	6944
1,56	6944
2	6944
2	6944
2	6944
1,8	6946
1,8	6946
1,8	6946
1,8	6946
1,8	6946
1,8	6946
1,56	6946
1,82	6950
1,44	6950
1,68	6950
1,48	6952
1,4	6954
1,6	6954
87662	6954
1,82	6956
1,4	6956
1,44	6956
1,44	6956
1,44	6956
1,44	6956
1,44	6956
1,44	6956
1,44	6956
1,44	6956
1,44	6956
1,44	6956
1,72	6956
1,8	6956
1,8	6956
1,8	6956
1,42	6958
1,92	6960
2,26	6960
1,42	6960
1,8	6962
1,8	6962
1,62	6962
1,66	6964
1,8	6964
1,66	6964
87662	6964
87724	6966
1,8	6968
1,8	6968
1,8	6968
1,8	6968
87662	6968
1,8	6968
87662	6968
1,82	6970
1,96	6970
1,5	6972
1,48	6974
1,46	6974
1,54	6976
1,8	6978
1,8	6978
1,54	6978
1,54	6978
1,8	6978
1,82	6978
1,78	6978
1,84	6978
1,44	6978
1,8	6978
1,8	6984
1,46	6984
1,8	6984
1,44	6984
1,44	6986
1,46	6986
1,42	6988
1,6	6988
1,08	6988
1,6	6988
1,56	6988
1,44	6990
1,48	6990
1,44	6990
1,44	6990
1,66	6990
87724	6992
87724	6992
1,12	6992
1,82	6992
1,48	6994
1,62	6994
1,52	6994
1,48	6994
3,02	6994
1,48	6996
1,8	6996
1,82	6996
87662	6998
87662	6998
87662	6998
1,24	6998
1,42	6998
1,8	7000
1,86	7000
1,8	7000
1,66	7000
1,8	7000
87662	7002
1,4	7002
1,6	7004
1,44	7004
1,42	7004
1,42	7004
1,42	7004
1,6	7004
1,8	7006
1,7	7006
1,4	7008
1,42	7008
1,4	7008
1,4	7008
1,4	7008
3,04	7008
87724	7010
1,8	7010
1,82	7012
1,66	7012
87662	7014
87662	7014
1,62	7014
87662	7014
1,8	7014
1,8	7014
87782	7014
2,38	7016
1,8	7016
1,8	7016
1,8	7016
1,1	7018
1,46	7018
1,8	7020
2,3	7020
1,8	7020
1,46	7020
1,46	7022
1,82	7022
2	7022
2	7022
2	7022
87662	7024
87844	7024
1,8	7024
1,8	7024
87724	7026
1,64	7026
1,64	7028
1,6	7028
1,62	7028
87966	7030
1,42	7032
1,42	7032
1,42	7032
1,42	7032
1,8	7032
1,52	7034
1,4	7034
1,48	7034
1,06	7034
1,88	7036
1,48	7036
1,42	7036
1,8	7038
1,8	7038
1,8	7038
1,8	7038
1,8	7038
1,8	7038
1,8	7038
1,8	7038
1,8	7038
1,58	7038
87724	7038
2	7040
1,82	7040
1,82	7040
87724	7042
1,8	7042
1,8	7042
1,86	7042
1,44	7044
1,92	7044
1,46	7048
1,4	7048
1,42	7048
88272	7048
1,5	7050
1,46	7050
1,8	7052
1,42	7054
1,9	7054
2	7056
2	7056
1,64	7056
1,46	7056
2	7056
2	7056
2	7056
2,48	7056
2	7056
1,68	7056
87904	7056
87904	7056
1,84	7058
1,4	7058
87782	7060
87782	7060
87782	7060
0,48	1142
0,7	1142
0,7	1142
0,7	1142
0,7	1142
0,7	1142
0,72	1142
0,72	1142
0,72	1142
0,64	1142
0,64	1142
0,68	1142
0,62	1142
0,62	1142
0,62	1142
0,62	1142
0,62	1142
0,62	1142
0,62	1142
0,62	1142
0,62	1142
0,62	1142
0,62	1142
0,62	1142
0,62	1142
0,62	1142
0,62	1142
0,62	1142
0,62	1142
0,62	1142
1,82	7062
1,56	7062
1,56	7062
1,56	7062
87662	7064
1,54	7066
1,92	7066
1,8	7068
1,8	7068
1,8	7068
1,8	7068
1,56	7068
87724	7068
87724	7068
1,84	7068
1,8	7070
1,64	7070
1,68	7070
1,46	7070
1,4	7070
87662	7070
1,4	7072
1,3	7072
1,4	7072
2	7072
1,84	7072
1,56	7074
1,48	7074
88088	7074
1,8	7074
1,82	7076
1,8	7076
1,8	7076
1,8	7076
1,56	7076
1,62	7076
1,58	7078
1,58	7078
1,8	7078
1,8	7078
1,82	7078
1,86	7080
1,42	7080
1,44	7080
87662	7080
1,28	7082
2	7082
2	7082
3,04	7082
2,26	7084
1,4	7086
1,5	7086
1,44	7086
87966	7088
87966	7088
1,62	7088
1,9	7088
1,72	7088
1,54	7088
1,62	7088
2,26	7088
1,42	7090
1,8	7090
1,8	7090
88026	7090
1,84	7090
88026	7090
87662	7092
87844	7092
1,82	7092
1,82	7092
87662	7092
1,44	7094
88026	7094
1,8	7096
1,44	7096
1,7	7096
1,92	7096
1,52	7098
88150	7098
1,44	7100
1,44	7100
1,84	7100
1,5	7102
1,8	7104
1,42	7106
1,42	7106
1,8	7106
87844	7106
87782	7106
1,44	7108
1,84	7110
1,84	7110
1,5	7110
87662	7110
1,84	7110
1,8	7112
1,8	7112
1,66	7112
1,8	7112
1,66	7112
1,46	7114
1,66	7114
1,82	7114
1,82	7114
1,76	7114
1,9	7116
1,6	7118
1,66	7120
1,58	7122
1,4	7122
1,86	7124
2	7124
2	7124
1,5	7124
1,86	7126
1,56	7126
87662	7126
87662	7126
87662	7126
87662	7126
87662	7126
87662	7126
1,56	7128
87844	7128
1,44	7128
1,6	7128
87844	7128
1,46	7130
1,44	7132
1,74	7132
1,46	7134
1,8	7134
1,4	7134
1,82	7134
1,8	7136
2	7136
1,44	7136
1,8	7138
1,8	7138
2	7138
1,94	7138
1,44	7140
1,8	7140
1,66	7140
1,2	7140
1,8	7140
87724	7140
1,48	7144
2,38	7144
1,82	7146
2,32	7146
87662	7146
1,8	7148
1,8	7148
1,82	7148
2,3	7148
2	7150
2	7150
1,86	7152
1,42	7152
1,52	7154
1,64	7154
1,8	7154
1,68	7154
87662	7154
1,64	7154
1,8	7156
1,8	7156
1,6	7156
1,56	7156
1,42	7156
1,82	7158
1,82	7158
87966	7158
1,8	7158
1,42	7160
1,8	7160
1,8	7160
1,8	7160
2	7160
1,8	7162
1,52	7162
1,8	7162
1,8	7162
1,56	7162
87844	7162
1,6	7162
87724	7162
1,56	7164
1,42	7164
1,42	7166
1,58	7166
1,96	7166
1,8	7168
2	7168
1,52	7168
1,8	7168
1,6	7168
2	7168
2	7168
2	7168
2	7168
2	7168
2	7168
2	7168
1,4	7170
1,4	7170
1,94	7170
1,84	7172
1,8	7174
1,4	7174
87844	7176
1,82	7176
1,64	7176
88272	7178
1,46	7178
1,9	7180
1,56	7180
1,48	7180
88088	7180
1,4	7182
1,68	7182
87662	7184
87662	7184
1,8	7186
1,64	7186
1,98	7186
87904	7186
1,48	7186
1,86	7188
1,8	7190
1,8	7190
88026	7190
1,46	7190
1,56	7190
1,8	7190
1,8	7190
1,8	7190
1,8	7190
1,68	7192
1,8	7194
87662	7194
1,6	7194
87662	7194
87662	7194
87662	7194
87662	7194
87662	7194
87662	7194
87662	7198
87724	7198
1,8	7198
1,8	7198
87904	7198
87724	7198
1,8	7198
87724	7198
87904	7198
1,8	7202
1,62	7202
1,56	7202
87724	7202
1,8	7202
1,44	7202
1,56	7202
1,44	7202
1,44	7202
1,44	7202
1,44	7202
88150	7202
1,4	7204
1,66	7204
2,26	7206
87844	7206
87844	7206
1,6	7206
1,66	7206
87662	7208
1,42	7208
87662	7208
1,8	7208
87662	7208
1,8	7208
1,8	7210
87662	7210
1,8	7210
1,58	7210
1,58	7210
2,32	7210
88272	7210
1,46	7212
2,3	7212
1,46	7214
2,26	7214
87782	7214
2,26	7214
1,82	7218
87966	7218
1,8	7218
0,62	1142
0,62	1142
0,62	1142
0,62	1142
0,62	1142
0,62	1142
0,62	1142
0,62	1142
0,62	1142
0,62	1142
0,62	1142
0,62	1142
0,62	1142
0,62	1142
0,62	1142
0,62	1142
0,62	1142
0,62	1142
0,62	1142
0,62	1142
0,62	1142
0,62	1142
0,62	1142
0,62	1142
0,62	1142
0,62	1142
0,62	1142
0,62	1142
0,62	1142
0,62	1142
1,82	7220
1,44	7220
87662	7220
1,84	7220
1,5	7220
1,92	7222
1,4	7222
87662	7222
87844	7222
1,42	7224
1,4	7224
2	7224
1,84	7226
1,56	7226
1,8	7226
2,3	7226
1,44	7228
2	7228
88150	7228
1,82	7230
1,8	7230
1,8	7230
87904	7230
1,46	7230
1,8	7230
1,8	7230
88150	7230
87904	7232
1,48	7232
1,46	7232
2	7232
1,8	7234
87782	7234
1,82	7236
1,84	7236
1,84	7236
1,82	7236
1,4	7236
1,4	7236
1,42	7236
1,82	7236
1,8	7238
1,8	7238
1,44	7238
1,76	7238
87662	7240
87662	7240
87662	7240
1,46	7240
1,82	7240
87662	7240
1,86	7240
1,46	7240
1,64	7242
1,8	7242
1,4	7244
1,4	7244
1,4	7244
1,44	7244
1,44	7244
1,6	7244
1,64	7244
1,96	7244
1,4	7244
87662	7246
1,84	7248
1,88	7248
1,8	7248
1,62	7248
1,62	7248
1,5	7250
1,84	7250
1,22	7250
1,8	7250
1,66	7250
1,66	7250
1,8	7250
1,42	7252
87662	7252
87662	7252
1,8	7254
1,58	7256
2	7258
2	7258
1,8	7258
1,44	7258
1,8	7258
1,8	7258
1,8	7258
1,8	7258
1,8	7258
88088	7258
1,8	7258
1,8	7260
1,6	7260
2	7262
1,82	7264
1,8	7264
1,82	7264
1,48	7266
87724	7266
87966	7266
87724	7266
87724	7266
1,88	7268
2	7268
2	7268
2	7268
2	7268
2	7268
2	7268
87782	7268
2	7268
87782	7268
87782	7268
1,82	7270
1,48	7270
1,48	7270
88332	7276
1,82	7276
87724	7278
1,82	7278
1,82	7278
2,28	7278
2	7280
1,52	7280
87782	7280
2	7280
2	7280
2	7280
2	7280
2	7280
2	7280
2	7280
2	7280
2	7280
2	7280
1,64	7282
1,7	7282
1,42	7284
1,82	7284
1,8	7286
1,8	7286
1,54	7286
1,62	7286
1,8	7286
2,32	7288
1,8	7288
1,8	7288
1,8	7288
1,86	7288
1,4	7288
1,82	7288
1,82	7288
1,54	7288
2,32	7288
2	7292
1,86	7292
1,54	7294
1,6	7296
1,52	7296
1,52	7296
1,52	7296
1,84	7296
1,52	7298
1,84	7298
1,8	7298
1,8	7298
1,46	7298
1,84	7300
1,86	7302
87724	7302
2	7302
1,64	7304
1,9	7304
1,6	7306
1,82	7306
1,6	7306
1,52	7310
87662	7310
1,54	7310
88272	7310
88026	7310
87724	7312
1,8	7312
1,4	7312
1,4	7312
1,8	7312
87724	7312
87724	7312
87662	7316
1,92	7316
1,82	7318
1,8	7318
1,46	7320
1,8	7320
1,82	7320
88150	7324
1,8	7324
1,8	7324
1,8	7324
1,8	7324
1,8	7324
1,8	7324
1,4	7324
2,44	7326
1,78	7326
1,8	7326
1,82	7328
1,74	7328
1,82	7328
87662	7330
1,82	7330
87662	7330
2,38	7330
2,54	7330
1,82	7330
87662	7330
1,82	7332
1,8	7332
1,46	7334
1,4	7336
1,56	7336
87782	7336
1,48	7336
87782	7336
1,46	7338
1,9	7338
1,7	7338
1,46	7338
1,8	7338
1,8	7338
87844	7338
1,82	7338
1,8	7338
1,82	7338
1,8	7338
1,8	7338
1,8	7338
1,8	7338
1,8	7338
1,8	7338
1,8	7338
88332	7338
2	7338
87844	7338
1,82	7338
1,8	7338
88332	7338
2,34	7338
2,26	7338
1,82	7338
87844	7338
1,8	7338
1,42	7340
1,7	7340
2,26	7340
87662	7342
87662	7342
87662	7342
1,52	7342
1,56	7342
87662	7342
1,9	7342
1,56	7344
2	7344
87966	7344
87904	7344
1,4	7344
1,6	7346
1,46	7346
1,64	7348
1,42	7348
1,42	7348
1,92	7348
87662	7348
2	7348
1,62	7348
87662	7348
1,84	7350
87782	7350
1,58	7350
1,26	7350
2	7352
87662	7352
87662	7352
87662	7352
87662	7352
87662	7352
1,8	7354
1,8	7354
2,26	7356
87662	7356
87662	7356
1,8	7358
1,5	7358
1,84	7358
2	7358
1,8	7358
1,8	7358
0,62	1142
0,62	1142
0,62	1142
0,62	1142
0,56	1144
0,56	1144
0,56	1144
0,76	1144
0,48	1144
0,48	1144
0,74	1144
0,6	1144
0,66	1144
0,66	1144
0,66	1144
0,66	1144
0,66	1144
0,66	1144
0,66	1144
0,84	1146
0,68	1146
0,6	1146
0,6	1146
0,6	1146
0,6	1146
0,6	1146
0,6	1146
0,6	1146
0,6	1146
0,6	1146
1,84	7358
1,52	7360
1,8	7362
87662	7364
1,82	7364
1,6	7364
1,4	7366
1,84	7368
1,86	7370
1,68	7370
2	7370
2	7370
87724	7372
2,42	7372
1,82	7376
88332	7376
1,92	7376
1,8	7378
1,8	7378
1,62	7378
1,8	7378
1,8	7378
1,8	7378
1,8	7378
1,8	7378
1,44	7378
1,86	7378
1,42	7380
1,44	7380
2	7380
1,92	7380
87662	7380
1,88	7382
1,42	7384
1,54	7384
87782	7384
88272	7384
87782	7384
87782	7384
2,46	7384
1,94	7388
1,48	7388
2,42	7388
2	7392
87662	7392
2	7392
87724	7392
1,8	7392
2	7392
2	7392
2	7392
87662	7392
87662	7392
87662	7392
87904	7392
87724	7392
1,5	7392
1,54	7394
1,8	7394
1,84	7394
1,8	7394
1,64	7394
2,62	7394
87662	7398
1,8	7398
1,8	7398
1,8	7398
2	7400
88332	7400
88088	7402
87724	7402
1,8	7402
1,8	7402
1,42	7402
1,42	7402
1,42	7402
1,54	7404
1,82	7406
1,82	7406
1,82	7406
1,8	7408
1,8	7408
1,8	7408
1,8	7408
1,8	7408
1,8	7408
1,8	7408
1,8	7408
1,8	7408
1,46	7410
1,7	7410
1,42	7410
1,8	7412
1,84	7414
1,54	7414
1,44	7416
1,8	7418
1,8	7418
1,8	7418
1,8	7418
87662	7418
1,84	7418
1,72	7418
1,82	7420
1,5	7420
1,58	7420
1,42	7420
1,42	7420
1,42	7420
1,42	7420
1,42	7420
1,42	7420
1,42	7420
1,42	7420
1,42	7420
1,42	7420
1,42	7420
1,42	7420
1,82	7420
2,32	7422
2	7424
2	7424
1,5	7424
87724	7426
1,56	7426
1,84	7426
1,6	7426
2	7426
87724	7426
87724	7426
87724	7426
2	7426
87724	7426
87724	7426
87724	7426
87724	7426
1,8	7428
1,46	7428
1,8	7430
1,8	7430
1,58	7430
1,52	7432
1,42	7432
1,94	7434
87662	7434
87662	7434
1,5	7436
1,8	7436
1,8	7436
1,8	7436
1,42	7436
87844	7436
1,44	7438
1,46	7440
1,8	7440
1,6	7440
1,6	7440
1,8	7440
1,54	7442
87662	7444
1,8	7444
1,44	7444
1,92	7446
1,82	7446
1,82	7446
1,84	7446
88332	7446
1,9	7448
1,4	7448
1,4	7448
1,8	7448
1,8	7448
1,84	7448
2,5	7448
1,8	7448
1,8	7448
1,84	7450
1,4	7450
1,4	7450
1,8	7450
2,42	7452
1,82	7452
87662	7452
1,82	7452
1,8	7452
88088	7452
2,26	7458
87782	7458
1,94	7458
88272	7460
1,8	7460
1,8	7460
1,82	7460
1,82	7460
1,82	7460
1,8	7460
88272	7460
1,8	7460
1,96	7462
87662	7464
87662	7464
1,16	7464
1,52	7464
1,6	7464
2,38	7464
2,54	7464
87662	7466
87662	7466
2,3	7466
87662	7466
1,8	7466
87662	7466
87662	7466
87662	7466
87662	7466
1,8	7468
1,8	7468
1,8	7468
1,8	7468
1,82	7468
1,8	7468
1,8	7468
1,8	7468
1,8	7468
1,8	7468
1,8	7468
1,82	7468
1,82	7468
1,8	7468
2,26	7468
3,02	7468
3,02	7468
1,46	7470
2,28	7470
2,3	7470
1,56	7472
1,56	7472
1,8	7472
1,6	7474
87662	7474
1,4	7474
1,86	7476
87782	7476
1,42	7478
87662	7478
2,38	7478
2	7480
1,5	7480
2	7480
1,44	7480
87966	7480
1,8	7480
1,8	7480
1,8	7480
1,8	7480
1,4	7482
1,16	7482
1,8	7482
88088	7484
87904	7484
1,74	7484
88150	7484
1,82	7486
1,82	7486
87782	7486
1,8	7486
87782	7486
1,84	7488
1,56	7488
1,86	7488
87724	7490
2,26	7490
87662	7490
87662	7490
3,04	7490
1,82	7492
1,8	7492
1,44	7492
1,86	7492
2,26	7492
1,82	7492
1,82	7492
1,48	7492
1,82	7492
1,82	7492
1,82	7494
1,8	7496
1,42	7496
1,84	7498
87662	7498
87662	7498
87782	7498
1,26	7498
87782	7498
87782	7498
87782	7498
87782	7498
87782	7498
1,8	7500
88088	7500
0,6	1146
0,66	1146
0,8	1146
0,8	1146
0,8	1146
0,8	1146
0,62	1146
0,62	1146
0,62	1146
0,62	1146
0,62	1146
0,62	1146
0,62	1146
0,62	1146
0,62	1146
0,62	1146
0,6	1148
0,62	1148
0,62	1148
0,68	1148
0,68	1148
0,68	1148
0,68	1148
0,68	1148
0,6	1148
0,6	1148
0,6	1148
0,6	1148
0,6	1148
0,6	1148
1,54	7500
1,9	7500
1,8	7500
1,86	7500
1,8	7500
87662	7500
1,86	7500
1,82	7502
2,5	7502
1,84	7502
1,82	7502
1,8	7502
1,8	7504
1,8	7504
1,4	7504
1,8	7504
2	7504
2	7504
87966	7508
87724	7508
87724	7508
1,8	7510
1,8	7510
2,28	7510
87782	7510
87724	7510
1,54	7510
1,82	7512
1,82	7512
1,62	7512
87662	7512
1,72	7512
1,46	7516
1,88	7516
1,22	7516
1,44	7518
1,44	7518
1,44	7518
1,44	7518
1,44	7518
1,44	7518
1,44	7518
1,44	7518
1,44	7518
1,42	7520
1,58	7520
88150	7520
1,48	7520
87662	7522
1,44	7524
1,82	7524
87844	7524
1,84	7526
1,82	7526
1,82	7526
1,4	7526
1,56	7526
1,84	7526
1,82	7526
1,82	7526
2	7526
2	7526
2	7526
2	7526
2	7526
2	7526
87724	7526
88332	7526
2	7526
2	7526
2	7526
1,82	7526
2,44	7526
2	7526
1,8	7528
3,02	7530
87782	7530
1,86	7532
1,7	7532
87662	7534
1,52	7534
2	7534
87662	7536
87662	7536
1,92	7536
87724	7538
87724	7538
87724	7538
2	7538
1,8	7540
1,8	7540
1,8	7540
1,8	7540
87662	7540
1,8	7540
1,8	7540
87724	7540
1,82	7542
1,82	7544
1,8	7544
1,82	7544
1,42	7544
87724	7546
1,42	7546
87844	7548
87844	7548
1,66	7548
2,58	7548
1,8	7548
1,8	7548
1,82	7548
1,66	7548
1,66	7548
1,8	7548
1,8	7548
1,8	7548
1,6	7548
1,8	7548
1,66	7550
1,8	7550
88026	7550
88026	7550
1,82	7552
1,82	7552
87966	7554
1,46	7554
87662	7554
1,42	7558
1,8	7560
1,8	7560
1,8	7560
1,46	7560
87844	7560
87844	7560
2	7560
87844	7560
2	7560
2	7560
2	7560
1,8	7560
1,8	7560
1,44	7560
2	7560
2	7560
1,8	7560
87844	7560
87904	7560
1,64	7562
1,82	7562
1,82	7562
87724	7564
87662	7564
87662	7564
88026	7566
1,46	7566
1,38	7568
1,46	7570
1,84	7570
87724	7572
87724	7572
1,54	7572
87844	7572
1,54	7574
1,8	7574
1,8	7574
2,32	7574
1,7	7574
1,8	7574
87724	7574
1,84	7574
1,84	7574
1,84	7574
1,4	7576
2	7576
2,46	7576
2	7578
2	7578
1,8	7578
87662	7580
87662	7580
2	7580
87662	7580
2,48	7582
1,18	7582
87662	7584
87662	7584
1,8	7584
2,28	7584
87662	7586
1,6	7586
2,38	7588
88332	7588
1,8	7588
1,64	7590
1,44	7590
2,42	7590
87782	7590
1,8	7590
87662	7592
87724	7592
1,82	7592
1,58	7592
1,8	7592
1,46	7594
1,46	7594
2,26	7594
2,26	7594
1,44	7596
1,58	7596
1,8	7596
1,64	7596
1,8	7596
1,8	7596
1,42	7598
2	7598
1,42	7598
2	7598
87966	7598
1,84	7600
2,32	7600
1,82	7600
1,8	7600
1,56	7600
1,8	7600
87662	7602
1,8	7602
87662	7602
1,42	7602
2	7602
87662	7602
87662	7602
87662	7602
87662	7602
87662	7602
87724	7604
1,86	7604
1,94	7604
1,8	7606
1,8	7606
1,8	7606
1,7	7606
1,8	7608
1,8	7608
1,48	7608
1,48	7608
88272	7608
1,8	7610
1,8	7610
88088	7610
1,8	7612
1,8	7612
1,8	7612
1,58	7612
1,8	7612
87782	7614
1,22	7614
1,42	7616
2	7616
1,8	7616
2	7616
1,92	7616
1,68	7618
87844	7620
1,64	7620
1,8	7620
88088	7620
1,8	7620
1,8	7620
1,8	7620
2	7622
1,56	7622
87724	7622
1,82	7624
1,82	7624
1,48	7624
1,06	7624
1,86	7624
1,8	7624
1,8	7624
1,8	7624
1,86	7624
1,6	7626
1,48	7626
1,46	7626
87904	7632
2,36	7632
1,86	7632
1,68	7632
87904	7632
1,44	7632
1,8	7632
1,8	7632
87662	7632
87662	7632
1,82	7632
1,82	7632
1,5	7634
1,84	7634
1,58	7636
1,8	7636
0,6	1148
0,6	1148
0,6	1148
0,6	1148
0,6	1148
0,68	1148
0,68	1148
0,68	1148
0,68	1148
0,68	1148
0,68	1148
0,68	1148
0,68	1148
0,68	1148
0,68	1148
0,68	1148
0,6	1148
0,6	1148
0,6	1148
0,6	1148
0,6	1148
0,6	1148
0,6	1148
0,6	1148
0,6	1148
0,6	1148
0,6	1148
0,6	1148
0,6	1148
0,6	1148
87662	7636
87662	7636
87662	7636
87662	7636
1,9	7636
87662	7636
2	7638
2	7638
2	7638
2	7638
1,8	7640
1,8	7640
3,04	7640
1,52	7640
1,7	7642
87724	7644
1,5	7644
87904	7644
87904	7644
87904	7644
1,82	7644
87904	7644
87662	7646
87662	7646
1,84	7646
87966	7646
87782	7648
2,28	7648
1,88	7650
88088	7650
1,82	7652
87662	7654
1,58	7654
1,58	7654
1,06	7654
1,54	7654
87904	7656
1,82	7656
1,72	7656
1,86	7656
1,54	7658
1,82	7660
2,28	7660
1,8	7660
1,4	7660
1,8	7660
2	7660
87724	7660
1,8	7660
2	7660
1,9	7660
87966	7662
1,6	7662
1,48	7662
1,42	7662
87844	7664
87662	7664
1,26	7664
1,52	7666
87662	7666
2	7666
2,34	7666
2	7666
2,46	7670
2	7670
2	7672
1,82	7674
1,54	7674
1,66	7674
1,82	7674
87662	7674
87662	7674
1,86	7676
87724	7676
1,42	7676
87724	7676
88332	7676
88332	7676
87724	7676
1,8	7676
1,62	7678
87724	7678
1,86	7678
1,4	7680
1,8	7682
1,8	7682
1,8	7682
1,8	7682
1,8	7682
1,66	7682
1,8	7684
1,8	7684
1,48	7684
87966	7684
87724	7684
1,82	7684
1,84	7686
1,8	7688
87844	7688
1,82	7688
1,86	7688
1,48	7690
1,82	7690
1,82	7690
88272	7692
1,66	7692
1,82	7692
87662	7692
88088	7694
1,8	7694
87966	7694
1,82	7696
1,82	7696
1,82	7696
1,8	7696
88088	7698
1,44	7698
2	7700
2	7700
2	7700
2	7700
1,2	7700
1,8	7700
87662	7704
87662	7704
87662	7704
87662	7704
1,62	7704
87662	7706
1,82	7706
1,82	7706
2	7706
1,84	7708
1,84	7708
1,8	7708
88272	7708
1,82	7708
1,84	7708
1,82	7710
1,82	7710
1,46	7712
1,42	7712
1,86	7712
87662	7712
87724	7712
87724	7712
87724	7712
87724	7712
87724	7712
87724	7712
87724	7712
1,8	7712
1,8	7712
87662	7714
87724	7714
2	7716
2	7716
2	7716
1,48	7716
2	7716
2	7716
1,92	7716
2	7716
2	7716
2	7716
2	7716
1,8	7718
1,6	7720
2	7720
87844	7722
88088	7722
87844	7722
2,28	7722
1,58	7722
1,88	7724
2,42	7724
2,42	7724
1,8	7726
1,8	7726
1,82	7726
2	7728
1,56	7728
88332	7728
1,52	7728
88332	7728
2	7728
2	7728
2,38	7728
1,84	7728
87904	7728
2,34	7732
1,8	7734
1,8	7734
1,8	7736
87662	7738
87662	7738
87662	7738
87662	7738
1,88	7738
1,7	7742
87724	7742
87662	7742
1,92	7742
1,8	7742
1,92	7742
87662	7742
1,92	7742
1,8	7744
87662	7744
1,48	7744
1,8	7744
1,78	7744
1,84	7746
1,96	7746
1,74	7746
1,44	7748
88332	7748
87662	7748
2	7748
87724	7750
1,8	7750
1,92	7752
1,82	7752
87782	7752
87782	7752
2	7754
1,84	7754
1,42	7754
1,8	7756
1,8	7756
1,8	7756
1,8	7756
2	7756
2	7756
1,9	7756
1,82	7758
87724	7758
1,5	7758
1,8	7758
1,8	7758
1,48	7758
1,8	7760
1,8	7760
1,8	7760
1,8	7760
1,86	7760
87724	7760
88332	7760
2	7760
1,42	7760
1,64	7760
1,46	7760
2,52	7762
1,8	7762
1,8	7762
1,8	7762
1,8	7762
1,8	7762
2	7762
87904	7762
2	7762
1,8	7762
1,8	7762
1,82	7762
1,82	7762
2	7762
88272	7764
88150	7764
2,26	7766
2,58	7768
1,82	7768
1,82	7768
1,8	7768
87724	7768
1,6	7768
1,6	7768
1,9	7768
1,94	7768
87662	7770
1,82	7770
87662	7772
87662	7772
1,88	7772
87904	7772
2,36	7772
87662	7772
1,82	7774
1,4	7774
87662	7776
87662	7776
87662	7776
87662	7776
87662	7776
87662	7776
1,46	7776
1,48	7776
1,82	7778
2	7778
2	7778
88332	7778
0,6	1148
0,6	1148
0,6	1148
0,6	1148
0,6	1148
0,6	1148
0,66	1148
0,5	1150
0,5	1150
0,5	1150
0,5	1150
0,5	1150
0,5	1150
0,54	1150
0,5	1150
0,5	1150
0,54	1150
0,5	1150
0,5	1150
0,5	1150
0,5	1150
0,5	1150
0,5	1150
0,5	1150
0,5	1150
0,5	1150
0,54	1150
0,5	1150
0,5	1150
0,5	1150
1,8	7780
88150	7780
1,6	7780
1,8	7780
1,84	7782
1,82	7782
87662	7782
87724	7784
87782	7784
87782	7784
1,8	7786
1,8	7786
87782	7786
1,82	7786
1,8	7788
2,36	7788
2	7788
1,8	7788
1,52	7788
1,96	7790
87662	7790
87662	7790
1,8	7790
1,84	7790
1,86	7792
1,44	7792
2,48	7792
87844	7792
87662	7794
87662	7794
87662	7794
87662	7794
87662	7794
87662	7794
87662	7794
1,56	7796
1,8	7796
1,8	7796
1,82	7796
87904	7796
2,26	7796
1,82	7796
1,82	7796
87904	7796
87662	7798
2,36	7798
1,46	7800
88272	7802
1,4	7802
87966	7802
2,58	7802
1,8	7804
1,8	7804
87844	7804
1,8	7804
1,44	7806
87782	7806
87662	7806
87662	7806
1,64	7806
87724	7808
87662	7810
2,46	7810
2	7812
2	7812
2	7812
87662	7812
1,82	7812
2	7812
1,42	7814
1,9	7814
1,8	7816
2,48	7816
1,8	7818
1,42	7818
87724	7818
87724	7818
1,8	7820
1,82	7820
1,84	7820
1,54	7822
1,82	7822
1,82	7822
1,94	7822
87724	7826
1,46	7826
1,6	7826
1,62	7826
2,36	7826
2,78	7828
87844	7828
87724	7830
1,32	7830
1,88	7830
2	7830
1,84	7832
87662	7832
88272	7832
1,84	7832
1,84	7832
1,54	7834
1,8	7834
87662	7836
1,8	7836
1,8	7836
1,9	7836
87662	7836
2	7836
1,8	7838
1,8	7838
1,8	7838
1,8	7838
2	7840
87662	7840
1,84	7840
2	7840
2	7840
2	7840
2	7840
2	7840
2	7840
2	7840
2	7840
2	7840
2	7840
1,4	7840
2	7840
1,02	7840
1,82	7842
1,82	7842
87782	7842
1,8	7842
1,76	7842
1,48	7844
87782	7844
1,56	7846
87662	7846
1,62	7846
87662	7846
1,84	7848
1,82	7848
1,8	7848
1,7	7848
1,8	7848
87844	7848
1,82	7848
1,82	7848
87782	7850
2,36	7850
87662	7852
87662	7852
87724	7854
87724	7854
87724	7854
87724	7854
1,52	7854
87662	7856
87782	7858
2	7858
1,6	7860
1,8	7862
1,8	7862
1,8	7862
1,8	7862
1,8	7862
87844	7862
1,8	7862
1,8	7862
88088	7862
87724	7862
87662	7864
1,84	7864
87966	7864
1,8	7866
1,86	7866
1,66	7866
1,8	7866
1,62	7866
1,62	7870
87966	7872
1,82	7872
1,82	7872
1,8	7872
1,68	7872
1,84	7872
87724	7872
1,42	7872
1,46	7874
1,86	7874
1,88	7876
87724	7880
2	7882
2	7882
1,86	7882
1,84	7882
1,84	7882
1,84	7882
1,84	7882
1,84	7882
88332	7884
2,56	7884
87662	7884
1,82	7886
87662	7888
1,8	7890
87662	7890
87662	7890
87662	7890
1,8	7890
1,92	7890
1,8	7890
87782	7890
88332	7890
1,8	7892
1,86	7892
87724	7894
1,44	7894
1,48	7896
1,94	7896
1,52	7896
1,8	7896
87662	7896
1,82	7898
1,4	7898
2	7898
1,8	7900
1,8	7900
1,8	7900
1,8	7900
1,8	7900
1,8	7900
1,8	7900
1,8	7900
1,8	7900
1,8	7900
1,8	7900
1,8	7900
1,8	7900
2,28	7900
1,8	7900
1,8	7900
1,8	7900
1,8	7900
1,52	7900
1,8	7902
1,44	7902
87724	7902
88332	7902
1,8	7902
2	7902
87904	7902
1,92	7902
1,44	7904
2,26	7904
87662	7904
1,42	7904
1,6	7906
87844	7906
1,6	7908
1,8	7908
1,82	7908
1,8	7908
2,32	7910
1,42	7910
88272	7912
87782	7914
1,82	7916
87966	7916
1,8	7916
87662	7918
87662	7918
87662	7918
87662	7918
87662	7918
87662	7918
87662	7918
87662	7918
1,94	7920
87844	7920
1,82	7922
1,5	7922
1,82	7922
88150	7922
1,76	7924
1,82	7926
1,88	7926
1,82	7926
1,8	7928
1,8	7928
2,42	7928
2	7930
2,36	7930
2,36	7930
2	7930
2	7930
2	7930
2	7930
2	7930
2	7930
2	7930
0,5	1150
0,5	1150
0,66	1150
0,6	1150
0,64	1150
0,64	1150
0,5	1150
0,66	1150
0,5	1150
0,74	1150
0,64	1152
0,64	1152
0,64	1152
0,64	1152
0,64	1152
0,64	1152
0,64	1152
0,64	1152
0,64	1152
0,64	1152
0,64	1152
0,64	1152
0,64	1152
0,64	1152
0,64	1152
0,64	1152
0,64	1152
0,64	1152
0,64	1152
0,64	1152
2	7930
87724	7930
1,54	7932
87662	7932
87662	7932
87662	7932
1,64	7932
1,54	7932
1,6	7934
2,26	7934
1,84	7934
1,84	7934
1,8	7934
88150	7936
1,82	7936
1,82	7936
1,82	7936
1,24	7936
88150	7936
87724	7942
87662	7942
87662	7942
87662	7942
1,6	7944
1,6	7944
1,8	7944
87724	7944
1,82	7946
1,4	7948
87724	7948
87782	7948
2	7950
1,8	7950
1,8	7950
1,62	7950
87966	7950
1,92	7950
2	7950
1,82	7950
1,82	7950
1,82	7950
1,82	7950
1,8	7952
2,46	7954
1,94	7954
1,8	7954
1,8	7954
2	7954
2	7954
87966	7954
88272	7956
1,64	7958
1,82	7958
87724	7960
1,54	7960
1,46	7960
88088	7960
88088	7960
1,62	7962
87662	7962
87662	7964
87724	7966
87724	7968
1,66	7968
1,8	7968
2,42	7968
1,9	7968
1,86	7968
87844	7968
2,34	7968
2,42	7968
1,86	7970
2,78	7970
1,82	7970
1,84	7972
1,82	7972
2,26	7974
2,26	7974
2,26	7974
87724	7974
1,86	7976
1,8	7978
1,8	7978
1,8	7978
1,8	7978
1,8	7978
1,8	7978
1,92	7978
87966	7978
87904	7978
1,4	7980
1,86	7980
1,8	7980
1,86	7980
1,66	7980
1,8	7980
2,5	7980
1,46	7980
1,82	7982
2	7982
2	7982
1,82	7982
87662	7982
2	7982
2	7982
87662	7982
87662	7982
2	7982
88088	7984
1,8	7984
1,8	7984
1,8	7984
1,8	7984
1,8	7984
1,8	7984
1,8	7984
1,8	7984
1,62	7984
1,8	7984
1,82	7986
1,48	7986
1,94	7986
1,94	7986
1,82	7988
1,9	7988
1,82	7988
87966	7992
1,54	7992
87724	7992
1,7	7994
87662	7994
1,84	7994
1,8	7994
1,8	7994
1,8	7994
1,8	7994
1,8	7994
87782	7994
87662	7996
87662	7996
1,82	7996
87724	7996
87724	7996
2	7996
2,38	7996
87724	7996
2	7996
87662	7998
87662	7998
87662	7998
1,4	8000
88026	8002
1,8	8002
1,8	8002
87782	8002
1,6	8004
1,98	8004
1,4	8006
1,78	8006
87662	8008
87662	8008
87662	8008
2	8008
2	8008
2	8008
2	8008
87724	8008
87724	8008
1,8	8008
1,8	8008
87662	8008
87662	8008
87662	8008
87662	8008
1,5	8010
1,8	8012
1,8	8014
1,5	8014
1,42	8014
87966	8014
1,8	8014
1,8	8014
87662	8016
1,82	8016
87782	8016
1,8	8016
1,8	8016
1,8	8016
1,8	8016
1,8	8018
1,66	8018
87904	8020
2,34	8020
1,86	8020
1,86	8020
1,84	8022
1,84	8022
1,84	8022
1,84	8022
1,84	8022
1,8	8022
87662	8022
87662	8022
2,54	8022
1,82	8024
1,74	8024
1,48	8026
1,8	8026
87844	8026
87844	8026
87844	8026
1,42	8028
88332	8028
88332	8028
2	8028
2	8030
2	8030
1,42	8030
1,8	8032
1,8	8032
87662	8032
87662	8034
87662	8034
87662	8034
2,5	8036
1,94	8036
87904	8036
1,82	8036
1,94	8040
1,94	8040
88026	8042
1,8	8042
1,8	8042
2,3	8042
1,4	8042
1,4	8044
87662	8044
1,3	8044
1,82	8044
1,8	8044
2,28	8044
1,8	8044
1,8	8044
2,28	8044
87904	8044
87904	8044
2	8044
87662	8046
1,66	8048
2,46	8050
1,12	8050
2,26	8050
2,26	8050
1,82	8052
1,92	8052
2	8052
1,42	8054
1,88	8054
2,32	8056
87662	8056
88272	8056
88272	8056
2	8056
88272	8058
1,42	8058
1,42	8058
1,42	8058
1,42	8058
1,42	8058
1,82	8058
1,42	8060
1,66	8060
1,82	8062
87966	8062
2	8064
2	8064
2	8064
2	8064
1,14	8064
1,8	8064
2	8064
2	8064
2	8064
87724	8064
1,8	8064
87662	8064
2	8064
2	8064
87904	8064
1,86	8066
1,82	8066
2	8066
1,8	8068
1,8	8068
1,8	8068
87782	8070
2	8072
1,8	8072
2	8072
1,82	8072
0,64	1152
0,64	1152
0,64	1152
0,64	1152
0,64	1152
0,64	1152
0,64	1152
0,64	1152
0,64	1152
0,64	1152
0,64	1152
0,64	1152
0,64	1152
0,64	1152
0,6	1152
0,5	1152
0,5	1152
0,5	1152
0,5	1152
0,5	1152
0,5	1152
0,5	1152
0,5	1152
0,5	1152
0,5	1152
0,5	1152
0,5	1152
0,5	1152
0,5	1152
0,72	1152
87844	8072
1,54	8074
1,84	8074
1,84	8074
1,84	8074
2	8074
87724	8074
87662	8076
87662	8076
87662	8076
87782	8076
87782	8076
87662	8076
87662	8076
87662	8076
87782	8076
87724	8078
87724	8078
1,52	8078
1,54	8078
1,84	8078
2,26	8080
1,48	8080
1,82	8082
87904	8084
2	8084
1,42	8084
1,08	8084
2	8084
87724	8086
1,6	8086
1,6	8086
87844	8086
1,8	8088
1,8	8088
87662	8088
87662	8088
1,8	8088
87724	8088
87662	8088
87724	8088
87724	8088
87724	8088
87724	8088
87724	8088
1,82	8090
1,82	8090
1,82	8090
1,82	8090
2,58	8090
88150	8092
1,58	8092
87662	8094
1,8	8094
1,44	8094
87662	8094
87662	8094
88150	8094
87662	8096
1,82	8098
1,82	8098
87662	8098
2,28	8100
1,86	8100
2,46	8100
1,82	8102
1,82	8102
1,82	8102
87662	8104
1,98	8104
1,8	8104
1,42	8106
1,42	8106
1,6	8106
2	8106
1,88	8106
2,34	8108
1,8	8108
1,8	8108
1,8	8108
1,8	8108
1,82	8108
87782	8108
1,8	8108
1,76	8108
1,8	8108
1,8	8108
87662	8108
88272	8112
87724	8114
87966	8114
1,8	8114
2,44	8116
2,48	8116
1,8	8118
87844	8118
1,8	8118
1,92	8118
87782	8120
87662	8120
1,92	8120
2,5	8120
87966	8120
87724	8122
1,8	8124
1,8	8124
1,8	8124
1,78	8124
1,86	8124
1,8	8124
1,94	8126
1,94	8126
1,94	8126
1,8	8128
1,8	8128
87662	8128
87662	8128
87662	8128
1,92	8128
1,8	8128
88332	8128
88332	8128
2,88	8128
1,8	8128
1,8	8128
88332	8130
87662	8130
1,84	8130
2	8130
1,82	8132
1,82	8132
88332	8132
87662	8132
1,82	8134
1,82	8134
1,8	8136
1,8	8136
1,8	8136
1,8	8136
1,8	8136
1,8	8136
1,84	8136
1,9	8136
1,68	8136
1,6	8140
1,9	8140
87782	8140
87662	8142
2,36	8142
88332	8142
87662	8144
87662	8144
87662	8144
87662	8144
1,8	8144
1,8	8144
87662	8144
87662	8144
87662	8144
87662	8144
87662	8144
87662	8144
87662	8144
87662	8144
1,86	8146
88272	8146
1,8	8148
1,98	8150
88026	8150
88272	8150
2	8154
1,82	8154
1,84	8154
87662	8154
2	8154
1,8	8154
2	8154
88332	8154
2	8154
2	8154
2	8154
88332	8154
2	8154
87844	8154
87844	8154
88332	8154
2	8154
2	8154
2	8154
1,8	8156
1,8	8156
1,8	8156
87782	8156
87782	8156
87782	8156
88150	8156
87662	8156
87662	8156
1,94	8156
87966	8156
87724	8156
2,38	8156
87662	8158
87662	8158
1,8	8158
2	8160
1,82	8162
1,8	8162
2	8162
2	8162
2	8162
2	8162
2	8162
2	8162
1,86	8162
1,86	8162
1,82	8162
2	8162
1,8	8164
2	8164
1,48	8164
1,44	8164
1,44	8164
1,8	8164
1,8	8164
1,8	8164
1,8	8164
1,8	8164
1,8	8164
2,7	8164
87662	8166
88332	8168
87844	8168
87724	8168
1,28	8168
87662	8168
88272	8168
2,56	8172
1,6	8172
1,84	8172
2	8172
1,62	8174
2	8176
2	8176
1,8	8176
2	8176
2	8176
1,8	8178
87662	8178
1,7	8178
1,84	8178
88150	8180
88150	8180
1,8	8182
2,34	8184
87966	8184
1,58	8184
88272	8184
1,8	8184
1,8	8184
1,8	8184
1,8	8184
1,8	8184
1,8	8186
1,8	8186
87724	8186
1,8	8186
2,26	8186
88088	8186
1,44	8188
2	8190
1,4	8190
87782	8190
87782	8190
1,82	8192
88272	8192
1,84	8192
1,84	8192
87904	8192
87966	8192
1,9	8196
1,88	8196
88088	8196
2,46	8196
1,8	8198
87662	8198
1,8	8198
2,44	8198
87724	8198
87782	8202
88272	8202
1,8	8202
1,8	8202
1,8	8202
87782	8202
1,94	8202
1,94	8202
88272	8204
88272	8204
87724	8204
0,62	816
0,62	816
0,62	816
0,62	816
0,62	816
0,62	816
0,62	816
0,62	816
0,62	816
0,64	818
0,7	818
0,5	818
0,6	820
0,5	820
0,72	820
0,6	822
0,6	822
0,46	822
0,48	824
0,54	824
0,62	824
0,54	826
0,54	826
0,6	826
0,6	826
0,6	826
0,64	826
0,68	826
0,66	826
0,6	826
0,46	1154
0,6	1154
0,62	1154
0,54	1154
0,54	1154
0,54	1154
0,54	1154
0,54	1154
0,5	1154
0,5	1154
0,5	1154
0,5	1154
0,66	1154
0,62	1156
0,62	1156
0,52	1156
0,6	1156
0,8	1158
0,8	1158
0,72	1158
0,62	1158
0,66	1158
0,66	1158
0,66	1158
0,66	1158
0,66	1158
0,66	1158
0,66	1158
0,66	1158
0,66	1158
2	8204
87662	8204
88150	8204
87724	8204
1,8	8206
1,8	8206
87966	8206
1,8	8206
1,82	8210
88026	8210
87724	8212
1,8	8212
87662	8212
1,88	8212
87662	8212
87782	8212
2	8214
1,82	8214
1,82	8214
1,82	8216
1,82	8216
1,74	8216
1,8	8216
1,82	8218
1,86	8222
1,62	8222
87904	8224
87724	8226
1,82	8226
88150	8226
1,86	8226
2	8226
1,64	8226
2,26	8226
87724	8226
2,26	8226
87724	8226
87724	8226
1,92	8226
87724	8226
1,4	8228
1,4	8228
1,4	8228
1,8	8228
1,8	8228
1,82	8230
1,8	8232
87662	8232
87662	8232
1,46	8232
1,96	8232
1,84	8232
87904	8232
87904	8232
87904	8232
87904	8232
2	8232
1,8	8234
1,6	8236
87724	8236
87662	8236
87662	8236
87662	8236
87662	8236
87662	8236
87662	8236
87662	8236
87662	8236
87662	8236
87662	8236
88026	8238
1,8	8238
1,8	8238
87662	8238
87662	8238
87662	8238
87662	8240
88272	8240
87966	8240
88272	8240
1,8	8240
88150	8240
87662	8242
87662	8242
87662	8242
87662	8242
87662	8242
87662	8242
1,82	8246
1,82	8246
1,82	8246
2,26	8246
87844	8246
1,8	8248
1,42	8248
1,8	8248
88088	8248
2,28	8248
2	8250
2	8250
2	8250
2	8250
87844	8250
1,6	8250
1,82	8250
1,8	8250
1,6	8252
1,8	8252
1,6	8252
87904	8252
88026	8252
1,62	8254
1,48	8254
1,78	8254
87662	8254
1,8	8256
1,82	8256
1,82	8256
1,82	8256
88026	8256
1,82	8256
87662	8258
1,8	8258
87662	8258
87662	8258
87662	8258
87662	8258
87662	8258
1,8	8260
1,64	8260
88088	8260
2,32	8262
87662	8262
88150	8262
87724	8262
87966	8264
1,82	8264
2,44	8264
1,8	8266
2,46	8266
87662	8266
2	8266
87662	8266
1,8	8266
1,8	8266
1,8	8266
1,8	8268
88272	8268
1,46	8268
1,46	8268
1,8	8270
1,64	8270
1,64	8270
1,64	8270
1,8	8270
87844	8270
87662	8270
1,8	8272
1,8	8272
1,92	8272
1,8	8272
1,8	8272
1,92	8272
87724	8274
1,8	8274
1,8	8274
0	0 
